"","cycle","st_cd_fips","party","total_ads","stations","attack_ad_pct"
"1",2006,"0101","D",85,340,0
"2",2006,"0101","R",213,742,0
"3",2006,"0105","R",55,220,0
"4",2006,"0107","D",59,116,0.322033898305085
"5",2006,"0401","D",496,2595,0.372983870967742
"6",2006,"0401","R",952,4760,1
"7",2006,"0405","D",2897,16193,NA
"8",2006,"0405","R",3480,19686,0.902873563218391
"9",2006,"0407","D",53,106,0
"10",2006,"0408","D",4043,20841,0.203314370516943
"11",2006,"0408","R",2518,9013,0.30857823669579
"12",2006,"0502","D",65,260,0
"13",2006,"0502","R",59,216,0
"14",2006,"0603","D",41,164,0
"15",2006,"0604","D",404,2424,0
"16",2006,"0604","R",144,864,1
"17",2006,"0605","D",200,1200,0
"18",2006,"0606","D",5,5,0
"19",2006,"0611","D",1259,7507,0.247021445591739
"20",2006,"0611","R",1519,8621,0.45687952600395
"21",2006,"0619","D",50,170,0
"22",2006,"0619","R",70,236,0
"23",2006,"0645","R",10,10,0
"24",2006,"0647","D",24,24,0
"25",2006,"0650","D",5499,29897,0.304418985270049
"26",2006,"0650","R",6275,35251,0.580717131474104
"27",2006,"0651","D",1383,7631,NA
"28",2006,"0652","R",47,141,0
"29",2006,"0803","D",1720,14413,0
"30",2006,"0803","R",358,1432,0.729050279329609
"31",2006,"0804","D",2290,13199,0.113100436681223
"32",2006,"0804","R",3170,18996,0.942902208201893
"33",2006,"0805","D",558,1991,0.25089605734767
"34",2006,"0805","R",2174,7317,0.384544618215271
"35",2006,"0806","R",424,2544,0
"36",2006,"0807","D",4274,24189,0.438465138043987
"37",2006,"0807","R",2549,14161,0.14633189486073
"38",2006,"0902","D",3027,17933,0.49190617773373
"39",2006,"0902","R",4223,25106,0.389770305470045
"40",2006,"0904","D",818,1952,0.458435207823961
"41",2006,"0904","R",663,971,0.36500754147813
"42",2006,"0905","D",4365,24094,0.503780068728522
"43",2006,"0905","R",5225,30089,0.331483253588517
"44",2006,"09NA","R",3,3,0
"45",2006,"1204","R",155,775,0
"46",2006,"1208","D",409,2773,0
"47",2006,"1208","R",1031,4299,0.237633365664403
"48",2006,"1209","D",734,3526,0
"49",2006,"1209","R",1116,4392,0.638888888888889
"50",2006,"1211","D",1020,4355,0
"51",2006,"1213","D",2668,12486,0.25712143928036
"52",2006,"1213","R",6524,29398,0.453862660944206
"53",2006,"1214","R",113,452,0
"54",2006,"1216","D",3269,28363,0.0149892933618844
"55",2006,"1216","R",3697,28064,0.601839329185826
"56",2006,"1218","R",34,68,NA
"57",2006,"1221","R",65,159,0
"58",2006,"1222","D",6605,54473,0.716729750189251
"59",2006,"1222","R",6307,43694,0.754082765181544
"60",2006,"1224","R",241,964,0
"61",2006,"1301","R",208,1003,0.211538461538462
"62",2006,"1304","D",99,594,0
"63",2006,"1312","D",3620,14480,0.241436464088398
"64",2006,"1312","R",3249,12360,0.514004309018159
"65",2006,"1313","D",74,296,0
"66",2006,"1502","D",2402,10485,0
"67",2006,"1502","R",476,2247,0
"68",2006,"1601","D",811,4009,0.181257706535142
"69",2006,"1601","R",1617,7367,0.445269016697588
"70",2006,"1706","D",2154,13974,0.61142061281337
"71",2006,"1706","R",2127,12275,0.705218617771509
"72",2006,"1708","D",1419,9933,0.358703312191684
"73",2006,"1708","R",2931,15885,0.43568747867622
"74",2006,"1710","D",326,2186,0
"75",2006,"1710","R",420,2100,0
"76",2006,"1714","R",13,22,0
"77",2006,"1715","R",87,174,0
"78",2006,"1717","D",483,3118,0
"79",2006,"1717","R",202,808,0
"80",2006,"1718","R",78,234,0
"81",2006,"1719","D",83,237,0
"82",2006,"1802","D",5972,23888,0.712826523777629
"83",2006,"1802","R",7346,32821,0.489109719575279
"84",2006,"1803","D",662,2648,0.368580060422961
"85",2006,"1803","R",141,379,0
"86",2006,"1804","D",14,14,0
"87",2006,"1805","R",33,33,0
"88",2006,"1806","R",185,555,0
"89",2006,"1807","D",257,1433,0
"90",2006,"1807","R",21,63,1
"91",2006,"1808","D",4631,20580,0.600518246599007
"92",2006,"1808","R",3353,13273,0.862212943632568
"93",2006,"1809","D",6399,74635,0.623378652914518
"94",2006,"1809","R",7843,77382,0.707509881422925
"95",2006,"1901","D",6549,39389,0.152695067949305
"96",2006,"1901","R",8680,50628,0.531912442396313
"97",2006,"1902","D",61,61,0.573770491803279
"98",2006,"1902","R",63,102,0
"99",2006,"1903","D",3361,17862,0.506694436179708
"100",2006,"1903","R",4973,23774,0.794691333199276
"101",2006,"1904","D",117,468,0
"102",2006,"1904","R",400,1764,0
"103",2006,"2001","D",341,1364,0
"104",2006,"2001","R",158,632,0
"105",2006,"2002","D",160,640,0
"106",2006,"2002","R",168,672,1
"107",2006,"2003","D",778,3890,0
"108",2006,"2004","R",945,3780,0
"109",2006,"2101","D",90,260,0
"110",2006,"2101","R",978,6846,0.39161554192229
"111",2006,"2102","D",1698,8851,0.277974087161366
"112",2006,"2102","R",2437,17745,0.340993024210094
"113",2006,"2103","D",3055,14724,0.268085106382979
"114",2006,"2103","R",3497,20446,0.394052044609665
"115",2006,"2104","D",5308,73989,0.95422004521477
"116",2006,"2104","R",7531,99942,0.83561280042491
"117",2006,"2105","R",330,1320,0
"118",2006,"2201","D",13,13,0.538461538461538
"119",2006,"2201","R",933,6531,0
"120",2006,"2202","D",926,4674,0.118790496760259
"121",2006,"2203","D",2965,26374,0.194940978077572
"122",2006,"2203","R",897,6120,0.530657748049052
"123",2006,"2204","R",244,732,0
"124",2006,"2301","D",10,10,0
"125",2006,"2301","R",188,752,0
"126",2006,"2302","D",413,1652,0
"127",2006,"2403","D",2740,12706,0
"128",2006,"2403","R",14,14,0
"129",2006,"2404","D",25,50,0
"130",2006,"2604","D",321,963,0
"131",2006,"2606","D",4,4,0
"132",2006,"2607","D",112,448,1
"133",2006,"2607","R",690,2154,0.360869565217391
"134",2006,"2609","D",8,16,0
"135",2006,"2609","R",181,669,0.0718232044198895
"136",2006,"2701","D",78,232,0.333333333333333
"137",2006,"2702","D",80,233,0
"138",2006,"2702","R",725,2749,0
"139",2006,"2705","D",295,1619,0
"140",2006,"2706","D",2963,18106,0.532230847114411
"141",2006,"2706","R",3366,17738,0.754307783719548
"142",2006,"2707","R",57,171,0
"143",2006,"2802","D",595,1613,0
"144",2006,"2802","R",3,3,0
"145",2006,"2901","D",20,20,0
"146",2006,"2902","R",130,520,0
"147",2006,"2904","D",94,376,0
"148",2006,"2906","R",398,1854,0.366834170854271
"149",2006,"2907","R",899,2947,0
"150",2006,"2908","D",48,48,1
"151",2006,"2908","R",289,1156,0
"152",2006,"3101","D",509,2545,0.422396856581532
"153",2006,"3101","R",498,1444,0
"154",2006,"3102","R",184,552,0
"155",2006,"3201","D",242,1163,0
"156",2006,"3203","D",2404,12207,0.281198003327787
"157",2006,"3203","R",2729,14140,0.341883473799927
"158",2006,"3301","D",235,235,0
"159",2006,"3301","R",360,360,0
"160",2006,"3302","D",1110,4420,0.335135135135135
"161",2006,"3302","R",809,1021,0.530284301606922
"162",2006,"3407","D",280,1675,0
"163",2006,"3407","R",95,570,1
"164",2006,"3408","R",31,62,0
"165",2006,"3501","D",7332,36473,0.570921985815603
"166",2006,"3501","R",9944,49555,0.590004022526146
"167",2006,"3502","D",396,2772,0
"168",2006,"3502","R",546,3822,0
"169",2006,"3603","D",2,4,0
"170",2006,"3603","R",140,560,0
"171",2006,"3619","D",16,30,1
"172",2006,"3620","D",4275,17654,0.480233918128655
"173",2006,"3620","R",2851,13516,0.64398456681866
"174",2006,"3623","R",776,4424,0.0347938144329897
"175",2006,"3624","D",4648,26574,0.363382099827883
"176",2006,"3624","R",5178,27486,NA
"177",2006,"3625","D",2708,15932,0.285450516986706
"178",2006,"3625","R",2270,15064,0.400440528634361
"179",2006,"3626","D",8811,82539,0.488934286687096
"180",2006,"3626","R",1844,16445,0.596529284164859
"181",2006,"3629","D",1286,4987,0.397356143079316
"182",2006,"3629","R",1494,4633,NA
"183",2006,"3702","D",181,724,0
"184",2006,"3705","R",137,411,0
"185",2006,"3708","D",582,2612,0.384879725085911
"186",2006,"3708","R",1697,11310,0.81673541543901
"187",2006,"3709","R",80,160,0
"188",2006,"3711","D",3938,15866,0.495937023869985
"189",2006,"3711","R",4308,19999,0.545496750232126
"190",2006,"3712","R",9,9,0
"191",2006,"3713","D",1073,7103,0.268406337371855
"192",2006,"3713","R",612,1875,0.15359477124183
"193",2006,"3901","D",2969,13508,0.803300774671607
"194",2006,"3901","R",3156,15326,0.533903675538656
"195",2006,"3902","D",359,1623,0.445682451253482
"196",2006,"3902","R",950,4169,0.497894736842105
"197",2006,"3903","D",115,230,0.156521739130435
"198",2006,"3903","R",485,2425,0
"199",2006,"3904","R",2333,21921,0
"200",2006,"3905","D",27,54,0
"201",2006,"3905","R",423,1692,0
"202",2006,"3906","D",2218,10754,0
"203",2006,"3906","R",1085,3255,0.744700460829493
"204",2006,"3907","D",1117,8936,0
"205",2006,"3910","D",29,116,0
"206",2006,"3912","D",1394,6792,0.515781922525108
"207",2006,"3912","R",1579,6718,0.642811906269791
"208",2006,"3913","D",1373,5780,0.0524399126001457
"209",2006,"3913","R",145,540,0
"210",2006,"3914","R",152,608,0
"211",2006,"3915","D",3937,18455,0.571247142494285
"212",2006,"3915","R",4932,24027,0.574614760746148
"213",2006,"3918","D",2761,19231,0.561028612821441
"214",2006,"3918","R",2590,20253,NA
"215",2006,"4001","R",236,1072,0
"216",2006,"4003","R",18,18,0
"217",2006,"4004","R",152,608,0
"218",2006,"4005","D",124,496,0
"219",2006,"4005","R",3547,14164,0
"220",2006,"4102","R",375,1615,0
"221",2006,"4103","D",38,114,0
"222",2006,"4105","D",2658,10973,0.0936794582392776
"223",2006,"4105","R",2799,13995,0.172561629153269
"224",2006,"4203","D",12,34,0
"225",2006,"4203","R",186,556,0.956989247311828
"226",2006,"4204","D",1519,8147,0.449637919684003
"227",2006,"4204","R",1615,7977,0.430340557275542
"228",2006,"4206","D",1947,11682,0.634309193631228
"229",2006,"4206","R",2450,13704,0.848571428571429
"230",2006,"4207","D",1291,6914,0.487219209914795
"231",2006,"4207","R",1611,9213,0.776536312849162
"232",2006,"4208","D",1342,6803,0.585692995529061
"233",2006,"4208","R",2582,14256,0.919829589465531
"234",2006,"4209","D",27,54,0
"235",2006,"4210","D",4156,19662,0.465351299326275
"236",2006,"4210","R",3587,16902,0.592695846110956
"237",2006,"4211","D",160,640,0
"238",2006,"4211","R",6,6,0
"239",2006,"4212","D",34,238,0
"240",2006,"4212","R",435,3021,1
"241",2006,"4213","D",336,1680,0
"242",2006,"4216","D",94,110,0
"243",2006,"4216","R",64,128,0
"244",2006,"4218","D",389,1945,0
"245",2006,"4401","D",676,3380,0
"246",2006,"4402","D",571,2635,0.129597197898424
"247",2006,"4503","D",42,126,0.523809523809524
"248",2006,"4504","D",29,87,0
"249",2006,"4505","D",2289,20748,0.290519877675841
"250",2006,"4505","R",2641,20946,0.301400984475577
"251",2006,"4701","R",2657,12756,0
"252",2006,"4703","R",720,3374,0
"253",2006,"4706","D",68,204,0
"254",2006,"4709","D",1540,7293,0.0116883116883117
"255",2006,"4709","R",5,5,0
"256",2006,"4814","R",76,152,0
"257",2006,"4816","D",19,46,0
"258",2006,"4817","D",3049,9147,0.384060347654969
"259",2006,"4817","R",2959,9726,0.408583981074687
"260",2006,"4821","D",160,275,0
"261",2006,"4822","D",901,3994,0.240843507214206
"262",2006,"4822","R",724,3194,0.104972375690608
"263",2006,"4823","D",121,363,0
"264",2006,"4823","R",417,1251,0
"265",2006,"4828","D",901,3082,0.337402885682575
"266",2006,"4831","D",93,186,0
"267",2006,"4831","R",288,864,1
"268",2006,"4902","D",1083,5415,0
"269",2006,"4902","R",558,2207,0
"270",2006,"4903","D",40,153,0
"271",2006,"4903","R",7,7,0
"272",2006,"5001","D",3321,13284,0
"273",2006,"5001","R",4727,18446,0
"274",2006,"5102","D",5223,29104,0.754355734252345
"275",2006,"5102","R",4777,21455,NA
"276",2006,"5105","D",462,1812,0.432900432900433
"277",2006,"5105","R",529,2116,0.453686200378072
"278",2006,"5107","R",324,1296,0
"279",2006,"5109","D",449,1796,0
"280",2006,"5110","D",289,1156,0
"281",2006,"5110","R",345,1380,0
"282",2006,"5111","D",2,2,0
"283",2006,"5111","R",394,1576,0
"284",2006,"5302","D",462,2310,0
"285",2006,"5305","D",2452,10837,0.439641109298532
"286",2006,"5305","R",2704,13520,0.445636094674556
"287",2006,"5308","D",3914,27349,0.55799693408278
"288",2006,"5308","R",2474,14998,0.518593371059014
"289",2006,"5402","D",682,2656,0
"290",2006,"5402","R",1921,7684,0.399791775117126
"291",2006,"5501","D",1,1,NA
"292",2006,"5502","D",545,1635,0
"293",2006,"5502","R",1102,3985,0.23502722323049
"294",2006,"5503","D",24,48,0
"295",2006,"5503","R",9,9,1
"296",2006,"5505","R",17,51,0
"297",2006,"5508","D",8524,39710,NA
"298",2006,"5508","R",7232,35996,0.433766592920354
"299",2010,"0101","R",236,708,0
"300",2010,"0102","D",5130,35742,0.171345029239766
"301",2010,"0102","R",5204,37430,0.648731744811683
"302",2010,"0105","D",2590,10340,0.118146718146718
"303",2010,"0105","R",2436,8482,0.104269293924466
"304",2010,"0106","R",63,63,0
"305",2010,"0107","D",2046,14038,0
"306",2010,"0201","D",311,2177,0.668810289389068
"307",2010,"0201","R",1548,12144,0
"308",2010,"0401","D",1966,12845,1
"309",2010,"0401","R",2146,10952,0.792637465051258
"310",2010,"0402","R",26,130,0
"311",2010,"0403","D",891,6237,0.399551066217733
"312",2010,"0403","R",3178,15711,0.0449968533668974
"313",2010,"0405","D",3835,24284,0.669100391134289
"314",2010,"0405","R",2859,16003,0.649527806925498
"315",2010,"0407","D",2797,18556,0.251698248122989
"316",2010,"0407","R",2389,14350,0.553788195897865
"317",2010,"0408","D",8134,48804,0.528399311531842
"318",2010,"0408","R",4340,17692,0.481797235023041
"319",2010,"0501","D",4019,34912,0.522269221199303
"320",2010,"0501","R",2398,12480,0.912010008340284
"321",2010,"0502","D",1956,9324,0
"322",2010,"0502","R",1293,5686,0.2861562258314
"323",2010,"0503","D",19,38,0
"324",2010,"0503","R",1059,4946,0.0254957507082153
"325",2010,"0504","D",2228,32035,0
"326",2010,"0504","R",166,767,0.77710843373494
"327",2010,"0603","D",1910,10822,0.652879581151832
"328",2010,"0603","R",725,3996,0.857931034482759
"329",2010,"0605","D",259,1554,0
"330",2010,"0611","D",2657,23246,0.558148287542341
"331",2010,"0611","R",806,4512,0.997518610421836
"332",2010,"0617","D",250,528,0
"333",2010,"0617","R",72,209,0
"334",2010,"0618","D",58,232,0
"335",2010,"0619","R",313,879,0.115015974440895
"336",2010,"0620","D",4914,34381,NA
"337",2010,"0620","R",2507,17733,0.477064220183486
"338",2010,"0621","R",217,868,0
"339",2010,"0623","D",493,1972,0
"340",2010,"0623","R",448,1580,0.149553571428571
"341",2010,"0642","R",17,45,0.352941176470588
"342",2010,"0645","D",3047,12188,0.400393829996718
"343",2010,"0645","R",3435,13740,0.436098981077147
"344",2010,"0647","D",69,96,0
"345",2010,"0651","D",537,4296,0.0819366852886406
"346",2010,"0651","R",265,1415,0
"347",2010,"0801","R",13,52,0
"348",2010,"0802","R",4,4,0
"349",2010,"0803","D",4690,48142,0.592324093816631
"350",2010,"0803","R",4028,33004,0.542701092353525
"351",2010,"0804","D",2976,18222,0.369959677419355
"352",2010,"0804","R",2482,18848,0.591861402095085
"353",2010,"0806","D",21,84,0
"354",2010,"0806","R",20,80,0
"355",2010,"0807","D",2287,14198,0.336248360297333
"356",2010,"0807","R",1453,8291,0.733654507914659
"357",2010,"0901","D",262,1436,0
"358",2010,"0901","R",47,141,0
"359",2010,"0902","D",1114,6684,0
"360",2010,"0902","R",141,846,0
"361",2010,"0903","R",137,257,0
"362",2010,"0904","D",336,336,0.163690476190476
"363",2010,"0904","R",257,264,0.147859922178988
"364",2010,"0905","D",1739,10255,0.326624496837263
"365",2010,"0905","R",1786,9065,0.321388577827548
"366",2010,"1001","D",729,5620,0
"367",2010,"1202","D",12110,81608,0.453344343517754
"368",2010,"1202","R",4581,27867,0.666011787819253
"369",2010,"1207","R",412,5356,0
"370",2010,"1208","D",2671,15952,0.575065518532385
"371",2010,"1208","R",2399,14196,0.661108795331388
"372",2010,"1210","R",227,908,0
"373",2010,"1212","D",386,1544,1
"374",2010,"1212","R",369,1476,1
"375",2010,"1214","D",58,232,0
"376",2010,"1216","R",188,752,0
"377",2010,"1217","D",1179,6625,0.387616624257846
"378",2010,"1218","R",114,400,0
"379",2010,"1219","D",497,1457,0
"380",2010,"1219","R",39,117,0
"381",2010,"1222","D",4391,29989,0.901616943748577
"382",2010,"1222","R",3545,23787,0.275881523272214
"383",2010,"1224","D",1775,8907,0.170140845070423
"384",2010,"1224","R",1520,9579,0.675657894736842
"385",2010,"1225","D",1892,15311,0.757399577167019
"386",2010,"1225","R",1509,10757,0.402915838303512
"387",2010,"12NA","D",12,23,0
"388",2010,"1302","D",2535,31488,0.452465483234714
"389",2010,"1302","R",1793,18017,0.887897378694925
"390",2010,"1305","R",4,8,0
"391",2010,"1308","D",5944,49006,0.490578734858681
"392",2010,"1308","R",5657,67259,0.413823581403571
"393",2010,"1309","R",1344,5849,0.310267857142857
"394",2010,"1310","D",171,684,0
"395",2010,"1312","D",2947,25823,0
"396",2010,"1312","R",563,14099,0
"397",2010,"1501","D",7068,35324,0.379598189020939
"398",2010,"1501","R",5527,27635,0.318255834991858
"399",2010,"1502","D",989,4945,0
"400",2010,"1601","D",5346,48389,0.429854096520763
"401",2010,"1601","R",2314,14227,NA
"402",2010,"1702","R",15,30,0
"403",2010,"1707","D",111,222,0
"404",2010,"1708","D",575,3283,0.709565217391304
"405",2010,"1709","R",43,119,0.395348837209302
"406",2010,"1710","D",1682,10600,0.423900118906064
"407",2010,"1710","R",722,3656,0.480609418282548
"408",2010,"1711","D",957,5941,0.912225705329154
"409",2010,"1711","R",34,128,0
"410",2010,"1714","D",2558,19650,0.740031274433151
"411",2010,"1715","R",4,4,0
"412",2010,"1717","D",5649,51127,0.519206939281289
"413",2010,"1717","R",2997,26404,0.751084417751084
"414",2010,"1802","D",5485,21770,0.346946216955333
"415",2010,"1802","R",4696,21113,0.620315161839864
"416",2010,"1803","D",2046,13980,0.477517106549365
"417",2010,"1803","R",2147,11316,0.0740568234746157
"418",2010,"1804","R",1243,7127,0.230893000804505
"419",2010,"1805","R",1546,8348,0
"420",2010,"1806","R",426,2982,0
"421",2010,"1807","D",87,380,0
"422",2010,"1807","R",71,213,0
"423",2010,"1808","D",1781,12467,0.293655249859629
"424",2010,"1808","R",3302,22034,0.268019382192611
"425",2010,"1809","D",5424,49922,0.877765486725664
"426",2010,"1809","R",4016,22652,0.688745019920319
"427",2010,"1901","D",2005,11981,0.419451371571072
"428",2010,"1901","R",2310,13818,0.76017316017316
"429",2010,"1902","D",3608,27102,0.386640798226164
"430",2010,"1902","R",1677,10150,0.298747763864043
"431",2010,"1903","D",2190,11564,0.985844748858448
"432",2010,"1903","R",1168,3912,0.508561643835616
"433",2010,"1904","R",266,1330,0
"434",2010,"1905","R",179,1160,0
"435",2010,"2001","D",9,9,1
"436",2010,"2001","R",5201,28072,0.0488367621611229
"437",2010,"2002","R",465,5580,0
"438",2010,"2003","D",1007,6042,0.102284011916584
"439",2010,"2003","R",1795,8149,0.532590529247911
"440",2010,"2004","D",3773,15092,0.0864033925258415
"441",2010,"2004","R",9533,39825,0.127661806356866
"442",2010,"2102","R",446,3568,0
"443",2010,"2103","D",875,5250,0
"444",2010,"2103","R",492,2565,0.636178861788618
"445",2010,"2106","D",5443,22322,0.519933860003674
"446",2010,"2106","R",5482,22224,0.776723823422109
"447",2010,"2201","D",7,7,0
"448",2010,"2202","D",525,2429,0.0304761904761905
"449",2010,"2202","R",498,2908,0.44578313253012
"450",2010,"2203","D",357,2137,NA
"451",2010,"2203","R",810,3393,0.274074074074074
"452",2010,"2204","D",196,476,0
"453",2010,"2204","R",16,16,0
"454",2010,"2301","D",2493,10424,0.525471319695146
"455",2010,"2301","R",787,3076,0.310038119440915
"456",2010,"2302","D",1813,18246,0
"457",2010,"2401","D",6221,48557,0.71387236778653
"458",2010,"2401","R",4538,35323,0.608858527985897
"459",2010,"2402","D",796,4728,0
"460",2010,"2402","R",229,778,0.183406113537118
"461",2010,"2405","R",16,48,0
"462",2010,"2501","D",586,1758,0
"463",2010,"2501","R",18,18,0
"464",2010,"2502","D",471,2466,0
"465",2010,"2503","D",492,3936,0
"466",2010,"2504","D",1712,18076,0
"467",2010,"2504","R",989,7187,0.51567239635996
"468",2010,"2505","D",457,2742,0
"469",2010,"2506","D",557,3342,1
"470",2010,"2506","R",44,220,0
"471",2010,"2509","D",17,51,0
"472",2010,"2510","D",422,2532,1
"473",2010,"2510","R",773,3481,1
"474",2010,"2601","D",2139,19676,0.5684899485741
"475",2010,"2601","R",4063,47547,0.894166871769628
"476",2010,"2602","R",581,2273,0
"477",2010,"2603","D",1312,6560,0
"478",2010,"2603","R",1426,6094,0.484572230014025
"479",2010,"2604","D",5,5,1
"480",2010,"2605","D",855,3414,0.52280701754386
"481",2010,"2605","R",278,1112,0
"482",2010,"2606","R",400,1600,0
"483",2010,"2607","D",10304,89680,0.821525621118012
"484",2010,"2607","R",7573,63095,0.774197808002113
"485",2010,"2609","D",1818,9311,0.627612761276128
"486",2010,"2609","R",801,3239,0.776529338327091
"487",2010,"2613","D",47,188,0
"488",2010,"2615","D",760,3435,0.757894736842105
"489",2010,"2615","R",224,1063,0.745535714285714
"490",2010,"2701","D",1551,17012,0
"491",2010,"2703","R",1705,10888,0.625806451612903
"492",2010,"2706","D",2925,19315,0.568888888888889
"493",2010,"2706","R",2985,16310,0.895812395309883
"494",2010,"2707","D",626,2504,0
"495",2010,"2708","D",250,1500,1
"496",2010,"2708","R",257,1278,0.0272373540856031
"497",2010,"2801","D",4064,34897,0.317175196850394
"498",2010,"2801","R",3693,28821,0.538857297590035
"499",2010,"2802","D",97,485,0
"500",2010,"2803","R",378,2187,0
"501",2010,"2902","D",18,18,0
"502",2010,"2903","D",927,4635,0.604099244875944
"503",2010,"2903","R",1307,5961,0.309869931140015
"504",2010,"2904","D",6763,79405,0.313766080141949
"505",2010,"2904","R",5362,42440,0.548489369638195
"506",2010,"2905","R",165,495,0
"507",2010,"2907","D",262,2037,0.225190839694656
"508",2010,"2907","R",2932,22184,0.0177353342428377
"509",2010,"2908","D",803,8355,0
"510",2010,"2908","R",1814,12656,0.539140022050717
"511",2010,"3001","D",415,3188,0.0192771084337349
"512",2010,"3001","R",288,1638,0.934027777777778
"513",2010,"3102","D",1349,5396,0.450704225352113
"514",2010,"3102","R",2528,10112,0.393987341772152
"515",2010,"3203","D",5448,33488,0.855359765051395
"516",2010,"3203","R",3772,17181,0.870890774125133
"517",2010,"3301","D",664,900,0.668674698795181
"518",2010,"3301","R",2493,10099,0.552346570397112
"519",2010,"3302","D",3457,12627,NA
"520",2010,"3302","R",1771,8608,0.900621118012422
"521",2010,"3402","D",37,111,1
"522",2010,"3403","D",980,7535,0.53469387755102
"523",2010,"3403","R",243,1166,0
"524",2010,"3412","R",145,580,0
"525",2010,"3501","D",4904,33543,0.673531810766721
"526",2010,"3501","R",4395,22090,0.829806598407281
"527",2010,"3502","D",3773,28473,0.83355420090114
"528",2010,"3502","R",3184,23211,0.640389447236181
"529",2010,"3503","D",372,1810,0.424731182795699
"530",2010,"3503","R",51,181,0
"531",2010,"3601","D",67,268,0
"532",2010,"3601","R",83,286,0.55421686746988
"533",2010,"3613","D",33,165,1
"534",2010,"3614","D",80,240,0
"535",2010,"3619","D",146,563,0.534246575342466
"536",2010,"3619","R",112,382,1
"537",2010,"3620","D",7469,64320,0.3783639041371
"538",2010,"3620","R",4226,20482,0.628253667770942
"539",2010,"3621","D",177,885,0
"540",2010,"3623","D",4873,58884,0.777549764005746
"541",2010,"3623","R",6993,72597,0.527384527384527
"542",2010,"3624","D",6761,86522,0.596065670758763
"543",2010,"3624","R",6114,70248,0.362773961400065
"544",2010,"3625","D",3874,35414,0.371966959215281
"545",2010,"3625","R",1438,9767,0.385952712100139
"546",2010,"3627","D",415,2490,0
"547",2010,"3627","R",139,387,0.892086330935252
"548",2010,"3629","D",354,2478,0
"549",2010,"3629","R",1318,11788,0
"550",2010,"3702","D",1377,9280,0.519244734931009
"551",2010,"3702","R",435,2170,0.747126436781609
"552",2010,"3703","R",6,12,0
"553",2010,"3704","D",393,1572,0.620865139949109
"554",2010,"3704","R",218,718,0.348623853211009
"555",2010,"3705","R",82,164,0
"556",2010,"3706","R",39,57,0
"557",2010,"3707","D",746,3256,0.31769436997319
"558",2010,"3708","D",3105,35969,0.34621578099839
"559",2010,"3708","R",2053,13234,0.722357525572333
"560",2010,"3709","R",26,52,0
"561",2010,"3710","R",90,90,0
"562",2010,"3711","D",2089,11218,0.461943513642891
"563",2010,"3711","R",2200,7455,0.682272727272727
"564",2010,"3713","D",354,1718,NA
"565",2010,"3801","D",8798,67534,0.663105251193453
"566",2010,"3801","R",8657,69027,0.685110315351738
"567",2010,"3901","D",1769,8716,0.213114754098361
"568",2010,"3901","R",1765,7739,0.428328611898017
"569",2010,"3902","D",55,159,0
"570",2010,"3902","R",163,815,0
"571",2010,"3906","D",2445,17321,0.583231083844581
"572",2010,"3906","R",1570,9216,0.832484076433121
"573",2010,"3908","D",189,902,0.386243386243386
"574",2010,"3909","D",1364,5170,0.324780058651026
"575",2010,"3909","R",2988,14817,0
"576",2010,"3910","D",59,295,0
"577",2010,"3912","D",1185,4680,0.428691983122363
"578",2010,"3912","R",1412,6240,0
"579",2010,"3913","D",2286,13079,0.878827646544182
"580",2010,"3913","R",953,4638,0.42707240293809
"581",2010,"3915","D",1563,6252,0.660908509277031
"582",2010,"3915","R",1874,9213,0.558697972251868
"583",2010,"3916","D",4204,24166,0.778782112274025
"584",2010,"3916","R",3093,14983,0.706110572259942
"585",2010,"3918","D",3685,26826,0.802985074626866
"586",2010,"3918","R",1762,9420,0.59988649262202
"587",2010,"4001","R",253,1012,0
"588",2010,"4002","D",4131,47416,0
"589",2010,"4002","R",157,1019,0
"590",2010,"4005","D",803,2614,0.0697384806973848
"591",2010,"4005","R",3511,16531,0.0193677015095414
"592",2010,"4101","D",664,3984,0
"593",2010,"4101","R",574,2296,1
"594",2010,"4102","R",441,4410,0
"595",2010,"4103","D",263,1001,0
"596",2010,"4105","D",3061,17580,0.59719046063378
"597",2010,"4105","R",3334,21168,0.879424115176965
"598",2010,"4203","D",1868,12997,0.305674518201285
"599",2010,"4203","R",1739,14080,0.379528464634848
"600",2010,"4204","D",1665,9145,0
"601",2010,"4204","R",1117,5052,0.47538048343778
"602",2010,"4206","D",209,939,0
"603",2010,"4207","D",939,5420,0
"604",2010,"4207","R",1160,6412,0.630172413793103
"605",2010,"4208","D",2977,17682,0.760833053409473
"606",2010,"4208","R",653,3918,0.316998468606432
"607",2010,"4209","D",7,7,0
"608",2010,"4210","D",2690,12313,0.579553903345725
"609",2010,"4210","R",1770,7128,0.763276836158192
"610",2010,"4211","D",2365,9961,0.567441860465116
"611",2010,"4211","R",1984,8170,0.751008064516129
"612",2010,"4212","D",7340,70385,0.478610354223433
"613",2010,"4212","R",7083,55133,0.669490328956657
"614",2010,"4213","D",579,2895,0
"615",2010,"4215","D",564,2481,1
"616",2010,"4215","R",346,1804,0.393063583815029
"617",2010,"4216","D",92,92,0.380434782608696
"618",2010,"4216","R",126,252,0.261904761904762
"619",2010,"4217","D",2098,15068,0.0691134413727359
"620",2010,"4217","R",103,206,1
"621",2010,"4218","D",124,422,0
"622",2010,"4401","D",3063,14810,0.0352595494613124
"623",2010,"4401","R",437,1621,0.116704805491991
"624",2010,"4402","D",363,1701,0
"625",2010,"4402","R",25,50,0
"626",2010,"4501","D",23,23,0
"627",2010,"4501","R",2681,19118,0
"628",2010,"4502","D",4840,43510,0.298553719008264
"629",2010,"4502","R",4048,32092,0.234683794466403
"630",2010,"4503","D",39,117,0
"631",2010,"4503","R",3030,18201,0
"632",2010,"4504","R",1957,6652,0
"633",2010,"4505","D",6075,81658,0.60641975308642
"634",2010,"4505","R",7005,101611,0.631834403997145
"635",2010,"4506","D",266,3667,0
"636",2010,"4601","D",9568,74492,0.170255016722408
"637",2010,"4601","R",8065,60043,0.487290762554247
"638",2010,"4702","R",36,108,0
"639",2010,"4703","D",72,134,0
"640",2010,"4703","R",4140,27873,0.0328502415458937
"641",2010,"4704","D",2344,22665,0.662542662116041
"642",2010,"4704","R",3602,27912,0.59106052193226
"643",2010,"4705","D",434,2604,0
"644",2010,"4705","R",19,57,0.421052631578947
"645",2010,"4706","D",144,426,0
"646",2010,"4706","R",3108,15959,0.324967824967825
"647",2010,"4708","D",1663,20791,0.613349368610944
"648",2010,"4708","R",13368,117135,0.307899461400359
"649",2010,"4709","D",168,840,0
"650",2010,"4709","R",202,801,0.440594059405941
"651",2010,"4804","R",83,399,0
"652",2010,"4815","R",55,55,0
"653",2010,"4816","D",231,774,NA
"654",2010,"4816","R",35,35,0
"655",2010,"4817","D",4065,18665,0.527429274292743
"656",2010,"4817","R",3361,12549,0.456411782207676
"657",2010,"4818","D",10,30,0
"658",2010,"4820","D",263,869,0
"659",2010,"4820","R",10,10,1
"660",2010,"4823","D",2341,10462,0.752669799231098
"661",2010,"4823","R",1861,7607,0.739387426114992
"662",2010,"4825","D",623,2492,0
"663",2010,"4825","R",129,258,0.387596899224806
"664",2010,"4826","D",1,1,0
"665",2010,"4827","D",1065,4569,0.583098591549296
"666",2010,"4827","R",459,2671,0.89760348583878
"667",2010,"4828","D",74,370,0
"668",2010,"4830","R",71,284,1
"669",2010,"4902","D",2049,12210,0.120058565153734
"670",2010,"4902","R",128,363,NA
"671",2010,"5102","D",4777,28662,0.312120577768474
"672",2010,"5102","R",4629,27969,0.384964355152301
"673",2010,"5105","D",12467,132101,0.564690783668886
"674",2010,"5105","R",7711,66415,0.821683309557775
"675",2010,"5107","D",33,82,0
"676",2010,"5107","R",452,2254,NA
"677",2010,"5109","D",5547,46053,0.126194339282495
"678",2010,"5109","R",4261,29679,0.697019478995541
"679",2010,"5111","D",1836,10898,0.507625272331155
"680",2010,"5111","R",1632,7043,1
"681",2010,"5302","D",1103,6910,1
"682",2010,"5302","R",566,2157,0.454063604240283
"683",2010,"5303","D",3256,23750,0.665233415233415
"684",2010,"5303","R",3384,18474,0.903073286052009
"685",2010,"5305","D",115,345,0
"686",2010,"5308","D",2678,18406,0.408887229275579
"687",2010,"5308","R",1334,9338,0.734632683658171
"688",2010,"5309","D",59,295,0
"689",2010,"5403","D",2427,17066,0.478368355995056
"690",2010,"5403","R",4411,30973,0.580820675583768
"691",2010,"5502","R",50,100,0
"692",2010,"5503","D",361,1444,0
"693",2010,"5503","R",3704,46880,0.9292656587473
"694",2010,"5504","D",67,268,0
"695",2010,"5507","D",157,1413,1
"696",2010,"5507","R",37,407,1
"697",2010,"5508","D",2941,18801,0.689561373682421
"698",2010,"5508","R",3426,17924,0.622008172796264
"699",2010,"NA01","R",75,356,0.253333333333333
"700",2012,"0101","R",1485,4642,0
"701",2012,"0102","D",22,22,0
"702",2012,"0102","R",515,3605,0
"703",2012,"0104","R",194,970,0
"704",2012,"0105","R",292,853,0.410958904109589
"705",2012,"0106","D",35,96,0
"706",2012,"0106","R",952,4947,0
"707",2012,"0201","R",395,1967,0
"708",2012,"0401","D",4725,33075,0.553439153439153
"709",2012,"0401","R",4211,26352,0.66278793635716
"710",2012,"0402","D",3683,21982,0.297583491718708
"711",2012,"0402","R",3042,13520,0.279750164365549
"712",2012,"0403","D",14,14,NA
"713",2012,"0404","R",574,2870,1
"714",2012,"0405","R",128,256,0
"715",2012,"0406","R",2159,10776,0.476609541454377
"716",2012,"0408","D",5598,32670,0.28420864594498
"717",2012,"0408","R",4576,23117,0.464379370629371
"718",2012,"0409","D",4098,25840,0.351634943875061
"719",2012,"0409","R",3161,18411,0.855109142676368
"720",2012,"0501","D",283,2004,0.180212014134276
"721",2012,"0501","R",539,2695,0
"722",2012,"0502","D",120,1440,0
"723",2012,"0502","R",232,1160,0
"724",2012,"0504","D",543,3556,0
"725",2012,"0504","R",3090,30439,0
"726",2012,"0603","D",805,4628,0
"727",2012,"0603","R",572,2940,0.286713286713287
"728",2012,"0606","D",174,1044,0
"729",2012,"0607","D",5071,30426,0.588444093867087
"730",2012,"0607","R",3793,22336,0.69232797258107
"731",2012,"0609","D",3449,20694,0.376340968396637
"732",2012,"0609","R",3407,20114,0.509539184032873
"733",2012,"0610","D",5040,28505,NA
"734",2012,"0610","R",3508,20934,NA
"735",2012,"0611","R",1,1,0
"736",2012,"0616","D",1047,3775,NA
"737",2012,"0616","R",398,1142,NA
"738",2012,"0617","R",22,66,0
"739",2012,"0619","R",1190,7140,1
"740",2012,"0620","D",327,984,NA
"741",2012,"0621","D",1544,9398,NA
"742",2012,"0621","R",3653,29565,NA
"743",2012,"0622","D",362,1267,NA
"744",2012,"0623","R",231,924,0
"745",2012,"0624","D",8615,34040,NA
"746",2012,"0624","R",9838,39180,0.362167107135597
"747",2012,"0626","D",343,553,0
"748",2012,"0626","R",1343,1343,0.405807892777364
"749",2012,"0633","D",131,655,1
"750",2012,"0635","D",942,5989,NA
"751",2012,"0636","D",7415,27778,NA
"752",2012,"0636","R",5510,22728,NA
"753",2012,"0638","R",1,1,0
"754",2012,"0639","D",4,16,0
"755",2012,"0652","D",7932,49681,NA
"756",2012,"0652","R",6634,38812,0.79167922821827
"757",2012,"0803","D",4644,49201,0.297157622739018
"758",2012,"0803","R",4801,43926,0.913143095188502
"759",2012,"0804","D",69,897,0
"760",2012,"0805","R",2061,7983,0.424065987384765
"761",2012,"0806","D",3830,24434,0.592950391644909
"762",2012,"0806","R",3822,22932,0.742804814233386
"763",2012,"0807","D",3078,19026,0.292072774528915
"764",2012,"0807","R",4053,25366,0.497162595608191
"765",2012,"0902","D",471,2726,0
"766",2012,"0905","D",5769,34181,0.35136072109551
"767",2012,"0905","R",3458,18392,0.328513591671486
"768",2012,"1202","D",4878,31722,0.305248052480525
"769",2012,"1202","R",4140,30028,0.652415458937198
"770",2012,"1203","R",1425,10239,0
"771",2012,"1206","R",8,24,0
"772",2012,"1207","R",964,6523,0.271784232365145
"773",2012,"1209","D",1123,7675,0.627782724844167
"774",2012,"1209","R",296,1472,NA
"775",2012,"1210","D",2818,18704,0.558552164655784
"776",2012,"1210","R",780,5460,1
"777",2012,"1212","R",57,228,0
"778",2012,"1213","D",134,536,0
"779",2012,"1213","R",150,584,0
"780",2012,"1214","R",43,43,NA
"781",2012,"1216","D",546,2250,0.00732600732600733
"782",2012,"1216","R",1230,2846,NA
"783",2012,"1218","D",4769,21906,0.573076116586286
"784",2012,"1218","R",7656,36595,0.514890282131661
"785",2012,"1219","D",18,36,0
"786",2012,"1219","R",2313,10236,0.140077821011673
"787",2012,"1222","D",2334,11457,0.350471293916024
"788",2012,"1222","R",1050,4426,NA
"789",2012,"1223","D",127,508,0
"790",2012,"1223","R",88,264,0
"791",2012,"1226","D",17,17,NA
"792",2012,"1226","R",44,71,NA
"793",2012,"1227","R",53,106,NA
"794",2012,"1301","D",134,358,0
"795",2012,"1301","R",159,636,0
"796",2012,"1302","D",865,9515,0
"797",2012,"1302","R",628,4886,0
"798",2012,"1312","D",15991,160146,0.376649365267963
"799",2012,"1312","R",12353,98420,0.616773253460698
"800",2012,"1501","D",800,4000,0
"801",2012,"1501","R",1326,5997,0
"802",2012,"1502","D",3382,15966,0
"803",2012,"1602","D",65,251,0
"804",2012,"1602","R",1591,13939,0
"805",2012,"1702","D",332,2324,0
"806",2012,"1708","D",2629,15527,0.303917839482693
"807",2012,"1708","R",2168,11131,0.708025830258303
"808",2012,"1710","D",1874,11973,0.704909284951974
"809",2012,"1710","R",3378,21924,0.680876258140912
"810",2012,"1711","D",2655,19594,0.544256120527307
"811",2012,"1711","R",2741,16703,0.813206858810653
"812",2012,"1712","D",4372,31170,NA
"813",2012,"1712","R",4545,30213,NA
"814",2012,"1713","D",5358,32577,0.641284061216872
"815",2012,"1713","R",5342,32172,0.733807562710595
"816",2012,"1715","D",10,26,0
"817",2012,"1715","R",358,1074,0
"818",2012,"1717","D",7727,68783,0.419826582114663
"819",2012,"1717","R",8706,102049,0.664139673788192
"820",2012,"1718","R",1205,12050,0
"821",2012,"1802","D",2992,11965,0.229612299465241
"822",2012,"1802","R",3846,15139,0.426937077483099
"823",2012,"1803","R",367,1101,0
"824",2012,"1805","R",1395,5718,0
"825",2012,"1806","R",601,2401,0
"826",2012,"1807","D",429,2145,0
"827",2012,"1808","D",3434,23760,0.549796156086197
"828",2012,"1808","R",3803,25347,0.585064422824086
"829",2012,"1809","D",149,596,0
"830",2012,"1809","R",1329,9624,0
"831",2012,"1901","D",2386,13549,0.501257334450964
"832",2012,"1901","R",2588,10219,0.335394126738794
"833",2012,"1902","D",3568,41559,0.36042600896861
"834",2012,"1902","R",1513,7207,0.678122934567085
"835",2012,"1903","D",5346,48065,0.879161990273101
"836",2012,"1903","R",5798,41351,0.630389789582615
"837",2012,"1904","D",4486,39680,0.509808292465448
"838",2012,"1904","R",4298,33484,0.401116798510935
"839",2012,"2001","R",486,2430,0
"840",2012,"2002","R",897,8970,0
"841",2012,"2103","D",118,590,0
"842",2012,"2104","R",1292,10381,0.260835913312694
"843",2012,"2105","R",343,1372,0
"844",2012,"2106","D",6258,25887,0.493608181527645
"845",2012,"2106","R",5713,23786,0.633817608962016
"846",2012,"22","D",5,5,0
"847",2012,"2202","D",16,48,0
"848",2012,"2203","D",598,2842,1
"849",2012,"2203","R",4721,21891,0.346113111628892
"850",2012,"2301","D",514,1990,0
"851",2012,"2301","R",28,84,0
"852",2012,"2302","D",2251,20259,0.182141270546424
"853",2012,"2302","R",1003,7260,0.198404785643071
"854",2012,"2401","R",325,1625,0
"855",2012,"2402","D",268,1608,0
"856",2012,"2402","R",20,40,0
"857",2012,"2406","D",152,548,0
"858",2012,"2501","D",1307,5734,0
"859",2012,"2504","D",945,9923,0
"860",2012,"2504","R",101,404,0
"861",2012,"2506","D",1339,6552,0.749813293502614
"862",2012,"2506","R",1925,9301,0.805714285714286
"863",2012,"2603","D",2930,14650,0.15938566552901
"864",2012,"2603","R",358,1432,0
"865",2012,"2604","R",1804,19144,0
"866",2012,"2605","D",186,744,0
"867",2012,"2605","R",138,469,0
"868",2012,"2606","D",562,3317,0
"869",2012,"2606","R",2998,18775,0
"870",2012,"2607","R",340,1360,0
"871",2012,"2608","R",348,1392,0
"872",2012,"2609","R",23,46,0
"873",2012,"2611","D",201,785,0.557213930348259
"874",2012,"2611","R",408,2185,0.747549019607843
"875",2012,"2613","D",55,110,0
"876",2012,"2614","D",379,1895,0
"877",2012,"2701","D",242,1163,0
"878",2012,"2702","D",731,5117,0
"879",2012,"2702","R",616,3080,0
"880",2012,"2703","D",13,26,0
"881",2012,"2703","R",832,4668,0
"882",2012,"2705","R",2,2,0.5
"883",2012,"2706","D",1601,9606,0.233603997501562
"884",2012,"2706","R",2440,15454,0.856147540983607
"885",2012,"2707","D",652,2608,0
"886",2012,"2707","R",137,548,1
"887",2012,"2708","D",5579,49761,0.672701200932067
"888",2012,"2708","R",3860,25721,0.801554404145078
"889",2012,"2801","R",1466,10036,0.0347885402455662
"890",2012,"2802","D",245,852,0
"891",2012,"2802","R",6,12,1
"892",2012,"2901","D",43,124,0
"893",2012,"2902","D",48,192,0
"894",2012,"2902","R",551,2681,0
"895",2012,"2904","D",796,6543,0
"896",2012,"2904","R",1400,12647,0
"897",2012,"2907","R",335,2590,0
"898",2012,"2908","R",278,2780,0
"899",2012,"3001","D",4181,58302,0
"900",2012,"3001","R",3041,49381,0
"901",2012,"3102","D",728,2912,0
"902",2012,"3102","R",1170,5724,0
"903",2012,"3201","D",141,282,NA
"904",2012,"3203","D",4385,29909,NA
"905",2012,"3203","R",4052,25546,NA
"906",2012,"3204","D",2828,19500,0.480551626591231
"907",2012,"3204","R",4873,32256,0.677611327724195
"908",2012,"3301","D",1311,5735,0.641495041952708
"909",2012,"3301","R",1400,3539,0.527857142857143
"910",2012,"3302","D",3250,16919,0.596307692307692
"911",2012,"3302","R",1474,3444,0.864314789687924
"912",2012,"3403","D",454,2114,1
"913",2012,"3403","R",408,1608,0.941176470588235
"914",2012,"3409","D",143,429,1
"915",2012,"3409","R",18,72,0
"916",2012,"3501","D",3271,15201,NA
"917",2012,"3501","R",460,1350,0.0804347826086956
"918",2012,"3502","R",279,1116,0
"919",2012,"3503","R",29,87,0
"920",2012,"3601","D",249,249,0.72289156626506
"921",2012,"3601","R",136,136,0.257352941176471
"922",2012,"3604","D",92,92,0
"923",2012,"3607","D",17,34,NA
"924",2012,"3618","D",327,1644,0.388379204892966
"925",2012,"3618","R",15,15,1
"926",2012,"3619","D",3870,22416,0.428423772609819
"927",2012,"3619","R",5353,57333,0.253502708761442
"928",2012,"3620","D",252,1008,0
"929",2012,"3620","R",4,4,0
"930",2012,"3621","D",7161,59360,0.430526462784527
"931",2012,"3621","R",7944,74298,0.786002014098691
"932",2012,"3622","D",266,2660,0
"933",2012,"3622","R",595,6224,0
"934",2012,"3623","D",942,8478,0
"935",2012,"3623","R",382,2287,0
"936",2012,"3624","D",5823,34268,0.627511591962906
"937",2012,"3624","R",5708,28810,0.586545199719692
"938",2012,"3625","D",4586,24814,0.573702573048408
"939",2012,"3625","R",4317,22556,0.802409080379893
"940",2012,"3626","D",21,63,0
"941",2012,"3626","R",300,1648,0.873333333333333
"942",2012,"3627","D",8279,77008,0.59149655755526
"943",2012,"3627","R",4462,34037,0.712460779919319
"944",2012,"3702","R",149,675,0
"945",2012,"3703","R",48,192,0
"946",2012,"3704","R",70,140,0
"947",2012,"3706","R",1,1,0
"948",2012,"3707","D",4546,39860,0.315442146942367
"949",2012,"3707","R",3303,27425,0.686042991220103
"950",2012,"3708","D",516,3096,0
"951",2012,"3708","R",3625,17811,0.387862068965517
"952",2012,"3709","D",497,3250,0
"953",2012,"3709","R",2473,11433,0.154468257177517
"954",2012,"3711","D",104,104,0
"955",2012,"3711","R",689,952,NA
"956",2012,"3713","R",639,1895,0.34585289514867
"957",2012,"3801","D",849,6030,0.186101295641932
"958",2012,"3801","R",2353,17722,0
"959",2012,"3901","R",245,980,0
"960",2012,"3902","R",208,704,0
"961",2012,"3903","D",639,2495,0
"962",2012,"3905","D",353,1412,0
"963",2012,"3905","R",879,5388,0
"964",2012,"3906","D",5385,45296,0.490993500464253
"965",2012,"3906","R",4332,29829,0.730378578024007
"966",2012,"3907","D",435,1734,0.501149425287356
"967",2012,"3907","R",330,1650,0
"968",2012,"3908","R",8,40,0.75
"969",2012,"3909","D",1448,7053,0
"970",2012,"3910","D",450,2250,0.455555555555556
"971",2012,"3910","R",355,1746,0
"972",2012,"3912","R",560,3000,0
"973",2012,"3913","D",3,6,0
"974",2012,"3915","R",1024,5120,0
"975",2012,"3916","D",3740,20313,0.84144385026738
"976",2012,"3916","R",3702,17281,0.693949216639654
"977",2012,"4001","D",115,460,0
"978",2012,"4001","R",916,3948,0.0895196506550218
"979",2012,"4002","D",4256,33421,0.0914003759398496
"980",2012,"4002","R",3199,21177,0.125976867771179
"981",2012,"4003","R",906,7248,0
"982",2012,"4004","R",199,796,0
"983",2012,"4005","D",167,501,0
"984",2012,"4005","R",212,848,0
"985",2012,"4101","D",2712,16239,0.675884955752212
"986",2012,"4101","R",1215,6942,0
"987",2012,"4102","R",2123,24497,0
"988",2012,"4105","D",647,3882,0
"989",2012,"4204","R",505,2020,0
"990",2012,"4205","R",218,1526,0
"991",2012,"4206","D",394,1902,0
"992",2012,"4208","R",747,4345,0
"993",2012,"4210","D",60,180,0
"994",2012,"4210","R",246,1117,0.540650406504065
"995",2012,"4211","D",550,21278,0.965454545454545
"996",2012,"4211","R",518,2590,0
"997",2012,"4212","D",9067,72807,0.450645196867762
"998",2012,"4212","R",6808,55886,0.562426556991774
"999",2012,"4215","R",116,116,0
"1000",2012,"4216","R",116,348,0
"1001",2012,"4217","D",2533,10578,0.125937623371496
"1002",2012,"4218","D",510,3060,0.523529411764706
"1003",2012,"4218","R",1173,6297,0
"1004",2012,"4401","D",3541,17095,0.297373623270263
"1005",2012,"4401","R",2367,9468,0.370933671313899
"1006",2012,"4402","D",265,883,0
"1007",2012,"4402","R",375,1479,0.752
"1008",2012,"4501","R",392,1960,0
"1009",2012,"4507","R",233,1349,0
"1010",2012,"4601","D",3737,28507,0
"1011",2012,"4601","R",3111,23727,0.0382513661202186
"1012",2012,"4703","D",145,394,0
"1013",2012,"4703","R",6067,44262,0.19498928630295
"1014",2012,"4704","D",1329,10552,0.592174567343868
"1015",2012,"4704","R",1741,13928,0.678920160827111
"1016",2012,"4706","R",1988,7592,0.386317907444668
"1017",2012,"4709","D",311,1555,0
"1018",2012,"4709","R",1706,7784,0
"1019",2012,"4814","D",18,90,1
"1020",2012,"4815","D",1177,3063,NA
"1021",2012,"4815","R",169,169,NA
"1022",2012,"4816","D",504,1333,NA
"1023",2012,"4816","R",98,320,NA
"1024",2012,"4823","D",5421,27557,NA
"1025",2012,"4823","R",4088,21297,NA
"1026",2012,"4824","R",2,2,0
"1027",2012,"4825","R",1659,11084,0
"1028",2012,"4827","D",541,1351,NA
"1029",2012,"4827","R",419,1594,NA
"1030",2012,"4828","D",317,2054,NA
"1031",2012,"4830","D",18,36,0
"1032",2012,"4833","D",3105,11906,NA
"1033",2012,"4834","D",786,2110,NA
"1034",2012,"4834","R",79,193,NA
"1035",2012,"4835","D",724,2884,0
"1036",2012,"4904","D",7305,42042,0.531416837782341
"1037",2012,"4904","R",6058,32276,0.504456916474084
"1038",2012,"5102","D",2770,16430,0.429963898916968
"1039",2012,"5102","R",1940,10978,0.124226804123711
"1040",2012,"5104","R",232,1160,0
"1041",2012,"5105","D",2015,15633,0
"1042",2012,"5105","R",1722,12399,0.463995354239257
"1043",2012,"5106","R",138,513,0
"1044",2012,"5107","D",282,1128,0
"1045",2012,"5107","R",1007,4015,0.176762661370407
"1046",2012,"5109","D",549,4245,0
"1047",2012,"5109","R",293,2344,0
"1048",2012,"5301","D",3814,24559,0.34976402726796
"1049",2012,"5303","R",979,4895,0
"1050",2012,"5305","D",580,1740,0.396551724137931
"1051",2012,"5305","R",1509,5024,0
"1052",2012,"5306","D",651,3255,0
"1053",2012,"5306","R",451,1924,0
"1054",2012,"5308","D",64,242,0
"1055",2012,"5308","R",328,1312,0
"1056",2012,"5309","D",158,790,0
"1057",2012,"5310","D",955,6211,0
"1058",2012,"5403","D",2618,17005,0.317417876241406
"1059",2012,"5403","R",2033,13268,0.700442695523856
"1060",2012,"5501","D",464,1856,0.0323275862068966
"1061",2012,"5501","R",2067,15334,0
"1062",2012,"5502","D",1605,6309,0.139563862928349
"1063",2012,"5507","D",575,5240,1
"1064",2012,"5507","R",1755,18349,0.639316239316239
"1065",2012,"5508","D",2467,14481,0.333603567085529
"1066",2012,"5508","R",2855,14549,0.32784588441331
"1067",2014,"0106","D",183,732,0
"1068",2014,"0106","R",242,1210,0
"1069",2014,"0201","R",210,1470,0
"1070",2014,"0401","D",9802,68191,0.656090593756376
"1071",2014,"0401","R",5601,36867,0.815925727548652
"1072",2014,"0402","D",12107,69309,NA
"1073",2014,"0402","R",10549,53648,NA
"1074",2014,"0409","D",3325,18417,0.158496240601504
"1075",2014,"0409","R",720,4320,0.494444444444444
"1076",2014,"0501","D",4,12,1
"1077",2014,"0502","D",3794,20159,0.487084870848708
"1078",2014,"0502","R",2104,9424,NA
"1079",2014,"0504","D",1465,12998,0
"1080",2014,"0504","R",494,2778,0
"1081",2014,"0603","D",126,718,0
"1082",2014,"0606","D",24,72,0
"1083",2014,"0607","D",6781,40686,NA
"1084",2014,"0607","R",7034,41993,NA
"1085",2014,"0609","D",314,1884,0
"1086",2014,"0610","D",785,4710,0.363057324840764
"1087",2014,"0616","D",532,1822,0
"1088",2014,"0617","D",417,2919,1
"1089",2014,"0620","D",200,800,NA
"1090",2014,"0621","D",3067,22156,0.0622758395826541
"1091",2014,"0621","R",6157,52812,0.13171999350333
"1092",2014,"0622","R",359,1795,0
"1093",2014,"0623","R",1131,3422,0
"1094",2014,"0624","D",3068,12272,0.561277705345502
"1095",2014,"0624","R",166,498,NA
"1096",2014,"0626","D",1845,4445,0.899186991869919
"1097",2014,"0633","D",134,804,0
"1098",2014,"0633","R",458,2357,0
"1099",2014,"0636","D",6282,32152,0.181789239095829
"1100",2014,"0636","R",1030,2862,0
"1101",2014,"0652","D",9052,62820,NA
"1102",2014,"0652","R",6217,37302,0.575357889657391
"1103",2014,"0803","R",748,4488,0
"1104",2014,"0805","D",899,3596,0.330367074527253
"1105",2014,"0806","D",6258,36465,0.643975711089805
"1106",2014,"0806","R",4376,26339,0.680987202925046
"1107",2014,"0905","D",3518,21108,0.25667993177942
"1108",2014,"0905","R",944,4178,0.255296610169492
"1109",2014,"1202","D",12249,84554,0.599640787003021
"1110",2014,"1202","R",10484,67588,NA
"1111",2014,"1209","D",110,770,0
"1112",2014,"1213","D",4672,32991,0.611515410958904
"1113",2014,"1213","R",3558,21201,0.537942664418212
"1114",2014,"1216","R",25,125,0
"1115",2014,"1218","D",3629,17841,0.0267291264811243
"1116",2014,"1218","R",681,2714,0.3215859030837
"1117",2014,"1219","D",19,19,0
"1118",2014,"1219","R",12,24,0
"1119",2014,"1222","D",404,2020,0
"1120",2014,"1226","D",5386,32295,NA
"1121",2014,"1226","R",3468,19064,0.66522491349481
"1122",2014,"1301","R",790,6480,0.318987341772152
"1123",2014,"1304","D",189,1323,0
"1124",2014,"1312","D",18475,184794,0.317943166441137
"1125",2014,"1312","R",11278,94885,0.800762546550807
"1126",2014,"1501","D",2146,10636,0
"1127",2014,"1501","R",1905,9445,0.183202099737533
"1128",2014,"1602","D",162,1472,NA
"1129",2014,"1602","R",156,1560,0
"1130",2014,"1702","D",12,48,0
"1131",2014,"1708","D",258,1290,0
"1132",2014,"1710","D",3950,27148,NA
"1133",2014,"1710","R",2953,17203,0.628174737555029
"1134",2014,"1711","D",460,2760,0
"1135",2014,"1712","D",8733,54805,NA
"1136",2014,"1712","R",5571,36778,NA
"1137",2014,"1713","D",3664,19268,0.532205240174673
"1138",2014,"1713","R",3166,17265,0.275426405559065
"1139",2014,"1717","D",8288,85484,0.287282818532819
"1140",2014,"1717","R",683,5854,0.512445095168375
"1141",2014,"1802","D",1159,4636,0
"1142",2014,"1802","R",2199,8796,0.196452933151432
"1143",2014,"1808","R",113,678,0
"1144",2014,"1901","D",2228,8908,NA
"1145",2014,"1901","R",1674,6696,0.362007168458781
"1146",2014,"1902","D",2723,28672,0.601909658464928
"1147",2014,"1902","R",1925,17655,0.765714285714286
"1148",2014,"1903","D",8116,55407,NA
"1149",2014,"1903","R",4456,32090,0.704219030520646
"1150",2014,"1904","D",3752,40806,0.0900852878464819
"1151",2014,"1904","R",1103,11375,0
"1152",2014,"2002","R",3806,44254,0.462953231739359
"1153",2014,"2003","D",366,1464,1
"1154",2014,"2003","R",696,2784,0.191091954022989
"1155",2014,"2004","R",239,956,0
"1156",2014,"2102","D",74,370,0
"1157",2014,"2103","D",301,1204,0
"1158",2014,"2103","R",207,340,0.463768115942029
"1159",2014,"2106","D",902,4572,0.364745011086475
"1160",2014,"2106","R",2053,10402,0
"1161",2014,"2201","R",408,1632,0
"1162",2014,"2202","D",45,135,0
"1163",2014,"2203","R",333,1332,0
"1164",2014,"2205","R",15,30,0
"1165",2014,"2206","R",788,2867,0
"1166",2014,"2301","D",249,996,0
"1167",2014,"2302","D",5442,54076,0.47170158030136
"1168",2014,"2302","R",3845,32741,0.492327698309493
"1169",2014,"2401","D",423,3384,0
"1170",2014,"2406","D",245,922,0
"1171",2014,"2506","D",1350,7459,0.545925925925926
"1172",2014,"2506","R",873,4570,0.241695303550974
"1173",2014,"2509","D",112,448,0
"1174",2014,"2509","R",55,220,0
"1175",2014,"2603","D",71,284,1
"1176",2014,"2604","R",598,4784,0
"1177",2014,"2606","D",3128,17729,0.652813299232737
"1178",2014,"2606","R",2942,25864,0
"1179",2014,"2607","D",1921,8736,0.452368558042686
"1180",2014,"2607","R",1956,10408,0.655930470347648
"1181",2014,"2608","D",779,3116,0
"1182",2014,"2608","R",268,1072,0
"1183",2014,"2611","D",128,509,0
"1184",2014,"2611","R",695,3406,0.482014388489209
"1185",2014,"2614","D",14,14,0
"1186",2014,"2702","D",369,2214,0
"1187",2014,"2702","R",1392,6960,0.32183908045977
"1188",2014,"2703","R",637,3514,0
"1189",2014,"2707","D",5938,59382,0.496295048837993
"1190",2014,"2707","R",4288,40167,0.829757462686567
"1191",2014,"2708","D",7708,74986,0.64193046185781
"1192",2014,"2708","R",4960,43522,0.806451612903226
"1193",2014,"2803","D",8,16,0
"1194",2014,"2907","R",664,5976,0
"1195",2014,"2908","D",56,56,0
"1196",2014,"2908","R",32,32,0
"1197",2014,"3001","D",6534,106313,0.212121212121212
"1198",2014,"3001","R",4806,64371,NA
"1199",2014,"3102","D",3553,17429,0.556994089501829
"1200",2014,"3102","R",2894,11862,0.659295093296476
"1201",2014,"3201","D",341,682,0
"1202",2014,"3201","R",29,29,0
"1203",2014,"3203","D",413,1743,0.188861985472155
"1204",2014,"3203","R",1844,9401,0
"1205",2014,"3204","D",1173,7754,0.528559249786871
"1206",2014,"3204","R",756,3780,0.838624338624339
"1207",2014,"3301","D",1462,6778,0.73187414500684
"1208",2014,"3301","R",2184,11487,0.628205128205128
"1209",2014,"3302","D",3573,28277,0.630842429331094
"1210",2014,"3302","R",853,853,NA
"1211",2014,"3401","D",1129,6774,0
"1212",2014,"3402","R",518,2072,0
"1213",2014,"3403","D",464,2320,0
"1214",2014,"3403","R",2138,11336,0.685687558465856
"1215",2014,"3405","R",31,31,1
"1216",2014,"3501","D",1085,5730,0
"1217",2014,"3501","R",98,319,0.214285714285714
"1218",2014,"3502","D",2182,21716,0
"1219",2014,"3502","R",2889,26538,0.703357563170647
"1220",2014,"3601","D",291,1706,0.673539518900344
"1221",2014,"3601","R",69,414,1
"1222",2014,"3604","D",192,887,0
"1223",2014,"3611","D",854,5420,0.673302107728337
"1224",2014,"3618","D",668,2867,NA
"1225",2014,"3618","R",572,3219,0.770979020979021
"1226",2014,"3619","D",3503,31035,0.0308307165286897
"1227",2014,"3619","R",4169,40701,0.293595586471576
"1228",2014,"3620","D",201,804,0
"1229",2014,"3620","R",124,372,0
"1230",2014,"3621","D",4598,50029,0.371683340582862
"1231",2014,"3621","R",3108,26807,0.260939510939511
"1232",2014,"3623","D",3859,38846,0
"1233",2014,"3623","R",1994,14518,0.787863590772317
"1234",2014,"3624","D",7890,52619,0.562991128010139
"1235",2014,"3624","R",4127,21512,0.460867458202084
"1236",2014,"3625","D",380,2280,0
"1237",2014,"3625","R",653,3265,0
"1238",2014,"3701","R",4,4,NA
"1239",2014,"3702","D",595,4907,0.0941176470588235
"1240",2014,"3706","D",565,2825,0.465486725663717
"1241",2014,"3706","R",559,2056,0
"1242",2014,"3711","D",1,1,NA
"1243",2014,"3713","D",21,21,0
"1244",2014,"3713","R",197,591,0
"1245",2014,"3801","D",1237,6656,0.157639450282943
"1246",2014,"3801","R",1132,5302,0
"1247",2014,"3901","D",34,102,0
"1248",2014,"3901","R",105,420,NA
"1249",2014,"3905","R",290,1160,0
"1250",2014,"3906","D",866,6928,NA
"1251",2014,"3906","R",1674,20967,0.0812425328554361
"1252",2014,"3908","R",1716,17160,0
"1253",2014,"3912","R",190,946,0
"1254",2014,"3914","D",238,952,1
"1255",2014,"3914","R",299,1495,0
"1256",2014,"3915","R",123,492,0
"1257",2014,"4004","R",432,3354,0
"1258",2014,"4005","D",88,264,0
"1259",2014,"4005","R",802,3202,0
"1260",2014,"4102","R",840,8275,0
"1261",2014,"4103","D",436,1708,0
"1262",2014,"4105","D",527,3162,0
"1263",2014,"4203","R",546,4920,0
"1264",2014,"4205","D",7,7,0
"1265",2014,"4206","D",264,1584,0
"1266",2014,"4206","R",279,1351,0
"1267",2014,"4208","R",377,1627,0
"1268",2014,"4210","D",62,248,0
"1269",2014,"4210","R",228,912,NA
"1270",2014,"4212","D",91,364,1
"1271",2014,"4212","R",622,5311,0
"1272",2014,"4216","D",6,6,NA
"1273",2014,"4216","R",220,220,0.231818181818182
"1274",2014,"4217","D",151,604,0
"1275",2014,"4401","D",606,3030,0
"1276",2014,"4505","R",164,328,0
"1277",2014,"4601","R",426,3267,0
"1278",2014,"4702","R",70,280,0
"1279",2014,"4703","D",167,619,0
"1280",2014,"4704","D",1007,9475,0.334657398212512
"1281",2014,"4704","R",248,1984,0
"1282",2014,"4815","D",95,167,0
"1283",2014,"4815","R",63,63,0
"1284",2014,"4823","D",6561,30785,0.452827312909617
"1285",2014,"4823","R",2849,14976,NA
"1286",2014,"4827","D",175,487,0
"1287",2014,"4827","R",483,3607,0
"1288",2014,"4829","D",29,58,0
"1289",2014,"4901","D",31,31,0
"1290",2014,"4904","D",648,2856,0
"1291",2014,"4904","R",918,3601,0
"1292",2014,"5102","D",1429,7145,0.320503848845346
"1293",2014,"5102","R",925,5042,0
"1294",2014,"5107","D",410,2050,0
"1295",2014,"5107","R",528,2112,0
"1296",2014,"5110","D",3655,18309,0.709712722298222
"1297",2014,"5110","R",1576,7661,0.554568527918782
"1298",2014,"5111","R",10,10,0
"1299",2014,"5301","D",726,5082,0
"1300",2014,"5304","R",160,960,0
"1301",2014,"5305","D",174,500,0
"1302",2014,"5305","R",500,2340,0
"1303",2014,"5306","D",250,1000,NA
"1304",2014,"5308","R",188,940,0
"1305",2014,"5309","D",162,1134,0
"1306",2014,"5401","R",5,10,1
"1307",2014,"5402","D",3059,18003,NA
"1308",2014,"5402","R",1833,10547,0.788325150027278
"1309",2014,"5403","D",14265,104111,NA
"1310",2014,"5403","R",8425,56776,0.781721068249258
"1311",2014,"5501","R",2186,21040,0
"1312",2014,"5506","D",311,1841,0
"1313",2014,"5506","R",715,2860,0
"1314",2014,"5508","D",249,658,0
"1315",2014,"5508","R",219,876,0
"1316",2016,"0102","R",518,3626,0
"1317",2016,"0106","D",59,150,0
"1318",2016,"0106","R",126,504,0
"1319",2016,"0201","D",3942,39372,NA
"1320",2016,"0201","R",723,3151,0
"1321",2016,"0401","D",5525,42463,NA
"1322",2016,"0401","R",643,4180,0
"1323",2016,"0402","D",2136,12816,0.833801498127341
"1324",2016,"0402","R",5607,33642,0.181202068842518
"1325",2016,"0409","D",1817,9811,0
"1326",2016,"0502","D",121,605,1
"1327",2016,"0502","R",376,1504,0
"1328",2016,"0603","D",67,295,0
"1329",2016,"0606","D",45,135,0
"1330",2016,"0607","D",4167,24988,0.727141828653708
"1331",2016,"0607","R",3559,21354,0.533295869626299
"1332",2016,"0610","D",5024,27666,0.127587579617834
"1333",2016,"0610","R",3494,18331,0.610475100171723
"1334",2016,"0616","D",977,3563,0.444216990788127
"1335",2016,"0616","R",45,180,0
"1336",2016,"0617","D",1712,8943,0.278621495327103
"1337",2016,"0620","D",770,3080,0
"1338",2016,"0620","R",922,3313,0
"1339",2016,"0621","D",4665,33874,0
"1340",2016,"0621","R",6333,50089,0.52202747513027
"1341",2016,"0624","D",5556,22224,0.639848812095032
"1342",2016,"0624","R",5828,23253,0.538606726149622
"1343",2016,"0625","D",1174,6613,0.367120954003407
"1344",2016,"0625","R",101,404,1
"1345",2016,"0633","R",9,18,0
"1346",2016,"0636","D",4021,16147,0
"1347",2016,"0636","R",69,207,0
"1348",2016,"0649","D",7734,46360,0.146625290923196
"1349",2016,"0649","R",3672,21726,0.499455337690632
"1350",2016,"0652","D",2247,13793,0
"1351",2016,"0652","R",1007,4895,0
"1352",2016,"0653","R",3,3,0
"1353",2016,"0802","D",200,1200,0
"1354",2016,"0803","D",3376,44056,0
"1355",2016,"0803","R",3824,34190,1
"1356",2016,"0805","D",64,203,0
"1357",2016,"0806","D",5661,33752,0.719307542836955
"1358",2016,"0806","R",4608,27540,0.697699652777778
"1359",2016,"0905","D",598,3588,0
"1360",2016,"1001","D",32,32,0
"1361",2016,"1201","D",6,6,0
"1362",2016,"1203","D",382,2292,0
"1363",2016,"1203","R",177,652,0
"1364",2016,"1206","R",411,1671,0
"1365",2016,"1207","D",3264,22848,0.221200980392157
"1366",2016,"1207","R",1757,12242,0.723392145702903
"1367",2016,"1212","R",45,45,0
"1368",2016,"1213","D",2696,18872,0.579005934718101
"1369",2016,"1213","R",58,232,0
"1370",2016,"1218","D",5346,25496,0.606995884773663
"1371",2016,"1218","R",6285,29981,0.527128082736675
"1372",2016,"1225","R",238,910,0
"1373",2016,"1226","D",4191,24464,0.857313290384156
"1374",2016,"1226","R",4078,21566,0.744727807748896
"1375",2016,"1227","D",334,1197,0
"1376",2016,"1227","R",547,2594,NA
"1377",2016,"1501","D",132,516,0
"1378",2016,"1601","D",708,6372,0
"1379",2016,"1601","R",474,1896,0
"1380",2016,"1706","R",1,1,0
"1381",2016,"1708","D",511,3066,0
"1382",2016,"1710","D",3963,28222,0.696442089326268
"1383",2016,"1710","R",3220,20500,0.222360248447205
"1384",2016,"1712","D",1026,7289,0.187134502923977
"1385",2016,"1712","R",1028,6420,0
"1386",2016,"1713","R",362,1448,0
"1387",2016,"1717","D",1365,16380,0
"1388",2016,"1802","D",1352,5835,0.178254437869822
"1389",2016,"1802","R",2396,9785,0.308848080133556
"1390",2016,"1803","R",169,676,0
"1391",2016,"1807","D",314,1570,0
"1392",2016,"1809","D",3909,45826,0.62522384241494
"1393",2016,"1809","R",5072,48181,0.558753943217666
"1394",2016,"1901","D",5817,23265,0.486505071342616
"1395",2016,"1901","R",4896,19566,0.616217320261438
"1396",2016,"1903","D",5265,33760,0.765052231718898
"1397",2016,"1903","R",5843,39663,0.675166866335786
"1398",2016,"2001","R",475,3800,0
"1399",2016,"2002","R",479,5748,0
"1400",2016,"2003","D",2459,15083,0.710858072387149
"1401",2016,"2003","R",2668,13945,NA
"1402",2016,"2004","D",63,280,0
"1403",2016,"2004","R",647,3235,0
"1404",2016,"2101","R",320,1600,0
"1405",2016,"2106","D",397,2257,0.214105793450882
"1406",2016,"2106","R",2032,9343,0.269685039370079
"1407",2016,"2201","R",510,2040,0
"1408",2016,"2202","D",336,1680,0
"1409",2016,"2203","R",1175,4538,0
"1410",2016,"2204","D",109,125,0
"1411",2016,"2204","R",3080,12595,0
"1412",2016,"2206","R",523,1840,0
"1413",2016,"2301","R",101,303,0
"1414",2016,"2302","D",15943,164685,0.617763281691024
"1415",2016,"2302","R",10958,99577,NA
"1416",2016,"2402","D",381,1905,0
"1417",2016,"2406","D",498,2396,0
"1418",2016,"2406","R",401,2005,0
"1419",2016,"2601","R",315,2205,1
"1420",2016,"2606","D",1532,6708,0.443864229765013
"1421",2016,"2606","R",2162,19458,0
"1422",2016,"2607","D",5571,43392,0.191527553401544
"1423",2016,"2607","R",3369,28050,0.512911843276937
"1424",2016,"2608","D",1999,17991,0
"1425",2016,"2608","R",1603,12252,0.289457267623207
"1426",2016,"2611","D",121,337,0
"1427",2016,"2611","R",633,2890,0
"1428",2016,"2702","D",5775,39750,0.647099567099567
"1429",2016,"2702","R",2173,12594,0.406810860561436
"1430",2016,"2703","D",5455,36961,0.541521539871677
"1431",2016,"2703","R",3728,19388,0.798015021459227
"1432",2016,"2708","D",10645,105224,0.597087834664162
"1433",2016,"2708","R",6259,53406,0.860201310113437
"1434",2016,"2904","R",125,500,0
"1435",2016,"2907","D",1,1,0
"1436",2016,"3001","D",12044,228165,0.266688807705081
"1437",2016,"3001","R",10772,194818,0.129502413665058
"1438",2016,"3102","D",6785,33886,NA
"1439",2016,"3102","R",5613,25705,0.683947977908427
"1440",2016,"3201","D",254,508,0
"1441",2016,"3202","D",193,762,0.72020725388601
"1442",2016,"3203","D",5226,30441,0.705319556065825
"1443",2016,"3203","R",4579,25812,0.417340030574361
"1444",2016,"3204","D",4215,25290,0.445077105575326
"1445",2016,"3204","R",3906,20320,0.720430107526882
"1446",2016,"3301","D",629,1898,0
"1447",2016,"3301","R",887,2954,0
"1448",2016,"3302","D",1007,2014,0
"1449",2016,"3302","R",11,11,0
"1450",2016,"3402","R",483,1932,0
"1451",2016,"3403","R",688,2726,0.366279069767442
"1452",2016,"3405","D",1267,7017,0.420678768745067
"1453",2016,"3405","R",554,1983,0.871841155234657
"1454",2016,"3409","R",23,46,0
"1455",2016,"3501","D",1147,5424,NA
"1456",2016,"3502","D",13,52,0
"1457",2016,"3503","D",1039,3778,0
"1458",2016,"3601","D",178,674,NA
"1459",2016,"3603","D",15,15,0
"1460",2016,"3603","R",33,33,1
"1461",2016,"3619","D",6668,67829,NA
"1462",2016,"3619","R",6346,47106,0.751969744721084
"1463",2016,"3620","D",160,640,0
"1464",2016,"3621","D",2832,33947,0
"1465",2016,"3621","R",2725,26724,0.220183486238532
"1466",2016,"3622","D",12496,150745,0.610275288092189
"1467",2016,"3622","R",3031,37067,0.811283404816892
"1468",2016,"3623","D",3104,34812,0.250644329896907
"1469",2016,"3623","R",2352,19756,0.480442176870748
"1470",2016,"3624","D",6836,38409,0.61234640140433
"1471",2016,"3624","R",5967,38906,NA
"1472",2016,"3625","D",2088,10400,0.568486590038314
"1473",2016,"3625","R",642,2933,0
"1474",2016,"3627","D",81,634,0.345679012345679
"1475",2016,"3702","R",297,1173,NA
"1476",2016,"3708","D",39,78,0
"1477",2016,"3708","R",268,2680,0
"1478",2016,"3713","R",408,2040,0
"1479",2016,"3801","D",40,160,0
"1480",2016,"3801","R",521,3488,0
"1481",2016,"3901","D",30,60,0
"1482",2016,"3901","R",209,1045,0
"1483",2016,"3910","R",315,1575,0
"1484",2016,"3915","R",590,2360,0
"1485",2016,"4005","R",130,520,0
"1486",2016,"4105","D",845,4822,0
"1487",2016,"4105","R",50,200,1
"1488",2016,"4208","D",5292,31337,0.571806500377929
"1489",2016,"4208","R",2746,13384,0.79278951201748
"1490",2016,"4209","R",652,2608,0
"1491",2016,"4211","D",100,121,0.27
"1492",2016,"4211","R",131,393,0
"1493",2016,"4212","R",733,5794,0
"1494",2016,"4215","R",116,464,0
"1495",2016,"4216","D",1548,7530,0.215116279069767
"1496",2016,"4216","R",880,4212,0.430681818181818
"1497",2016,"4402","D",587,2935,0
"1498",2016,"4504","R",192,576,0
"1499",2016,"4505","D",530,4365,0
"1500",2016,"4505","R",321,1926,0
"1501",2016,"4601","D",155,620,0
"1502",2016,"4708","R",407,1628,0
"1503",2016,"4709","D",27,135,0
"1504",2016,"4801","D",8,8,0
"1505",2016,"4808","R",4,16,0
"1506",2016,"4818","D",2,2,0
"1507",2016,"4823","D",9370,55846,0.580149413020277
"1508",2016,"4823","R",5875,33600,0.728510638297872
"1509",2016,"4827","D",70,280,0
"1510",2016,"4833","R",6,6,0
"1511",2016,"4901","D",471,1264,NA
"1512",2016,"4902","D",5,5,0
"1513",2016,"4902","R",308,1232,0
"1514",2016,"4904","D",3282,16718,0.379646556977453
"1515",2016,"4904","R",3471,20826,0.355517142033996
"1516",2016,"5102","R",68,272,0
"1517",2016,"5105","D",4342,43420,0.402579456471672
"1518",2016,"5105","R",2979,26811,0.40751930177912
"1519",2016,"5107","D",101,404,0
"1520",2016,"5107","R",37,37,0
"1521",2016,"5110","D",5231,31108,0.593003249856624
"1522",2016,"5110","R",3895,20105,0.55198973042362
"1523",2016,"5303","R",752,4512,0
"1524",2016,"5304","R",446,4014,0
"1525",2016,"5305","D",133,394,0
"1526",2016,"5305","R",335,1595,0
"1527",2016,"5307","D",1895,11866,0
"1528",2016,"5308","R",328,1640,0
"1529",2016,"5402","D",69,138,0.159420289855072
"1530",2016,"5402","R",628,3140,0
"1531",2016,"5501","R",992,9554,0
"1532",2016,"5506","R",576,2439,0
"1533",2016,"5508","D",3397,14728,0.328819546658817
"1534",2016,"5508","R",4393,20725,0.468927839745049
"1535",2016,"NA01","D",24,72,1
"1536",2018,"0102","D",754,3770,0
"1537",2018,"0103","R",1071,8568,0
"1538",2018,"0104","R",397,3573,0
"1539",2018,"0105","D",412,1220,0.16504854368932
"1540",2018,"0105","R",324,972,0
"1541",2018,"0106","R",593,2113,0
"1542",2018,"0201","R",1451,6485,0
"1543",2018,"0401","D",3445,23345,0.409288824383164
"1544",2018,"0401","R",33,129,1
"1545",2018,"0402","D",6015,36090,0.39334995843724
"1546",2018,"0402","R",2652,13716,0.414027149321267
"1547",2018,"0404","D",10,10,1
"1548",2018,"0408","D",818,4388,0
"1549",2018,"0408","R",580,2974,0.436206896551724
"1550",2018,"0409","D",1546,10822,0
"1551",2018,"0409","R",715,3575,0
"1552",2018,"0502","D",3359,15653,0.32360821673117
"1553",2018,"0502","R",3621,15471,0.500966583816625
"1554",2018,"0503","R",271,1084,0
"1555",2018,"0504","R",570,5130,0
"1556",2018,"0601","D",524,5240,0
"1557",2018,"0604","D",1696,9940,0
"1558",2018,"0604","R",68,204,1
"1559",2018,"0607","D",343,2058,0
"1560",2018,"0610","D",10986,59691,0.349535772801748
"1561",2018,"0610","R",7217,39722,0.565193293612304
"1562",2018,"0616","D",1398,5592,0.229613733905579
"1563",2018,"0616","R",940,3994,0
"1564",2018,"0620","D",595,2380,0
"1565",2018,"0621","D",9705,84275,0
"1566",2018,"0621","R",6091,47886,0.294204564110983
"1567",2018,"0622","D",6425,29356,0.286848249027237
"1568",2018,"0622","R",3250,12226,0.321538461538462
"1569",2018,"0623","R",384,1536,0
"1570",2018,"0624","D",3088,12352,0
"1571",2018,"0624","R",1780,6834,0.106179775280899
"1572",2018,"0625","D",5817,40847,0.232422210761561
"1573",2018,"0625","R",689,4134,0
"1574",2018,"0636","D",1322,4910,0
"1575",2018,"0636","R",642,2568,0
"1576",2018,"0639","D",1248,9342,0.742788461538462
"1577",2018,"0639","R",617,3073,0.980551053484603
"1578",2018,"0645","D",2232,17661,0.482078853046595
"1579",2018,"0645","R",771,2313,0.584954604409857
"1580",2018,"0648","D",4980,36096,0.643373493975904
"1581",2018,"0648","R",11,44,0
"1582",2018,"0649","D",4007,23585,0.364611929124033
"1583",2018,"0649","R",164,656,0.713414634146341
"1584",2018,"0650","D",2777,14855,0.223982715160245
"1585",2018,"0650","R",34,34,0
"1586",2018,"0652","D",832,4159,0
"1587",2018,"0803","D",3481,27848,0.169778799195633
"1588",2018,"0803","R",2550,20400,0.707058823529412
"1589",2018,"0805","D",345,1380,0
"1590",2018,"0806","D",9982,59892,0.497896213183731
"1591",2018,"0806","R",3988,22688,0.706118355065196
"1592",2018,"0905","D",823,5407,0
"1593",2018,"1202","R",639,6390,0
"1594",2018,"1203","D",13,26,0
"1595",2018,"1206","D",2964,19865,0
"1596",2018,"1206","R",886,5973,0
"1597",2018,"1207","D",1131,7624,0.302387267904509
"1598",2018,"1207","R",247,1235,0
"1599",2018,"1212","D",13,52,0
"1600",2018,"1213","D",1,1,0
"1601",2018,"1215","D",1633,10442,0.197183098591549
"1602",2018,"1215","R",456,1824,0.901315789473684
"1603",2018,"1216","D",1964,8840,0.679735234215886
"1604",2018,"1216","R",2660,10944,0.925187969924812
"1605",2018,"1218","D",5676,27866,0.242600422832981
"1606",2018,"1218","R",3353,14119,0.444378168804056
"1607",2018,"1219","D",142,284,0
"1608",2018,"1219","R",298,1192,0
"1609",2018,"1225","D",1458,7182,0
"1610",2018,"1225","R",1359,7092,0.403237674760854
"1611",2018,"1226","D",7421,43159,0.150249292548174
"1612",2018,"1226","R",4168,17818,0.559021113243762
"1613",2018,"1227","D",1879,8398,0.139968068121341
"1614",2018,"1227","R",1180,4170,0.742372881355932
"1615",2018,"1302","D",553,3871,0
"1616",2018,"1306","D",3414,24988,0.174282366725249
"1617",2018,"1306","R",1100,7146,1
"1618",2018,"1307","D",2203,14102,0
"1619",2018,"1310","D",2,2,0
"1620",2018,"1312","D",6,6,0.5
"1621",2018,"1312","R",769,3076,0
"1622",2018,"1501","D",50,200,0
"1623",2018,"1501","R",38,101,0
"1624",2018,"1601","R",289,1156,0
"1625",2018,"1706","D",5609,41295,0.519165626671421
"1626",2018,"1706","R",2802,18976,0.751249107780157
"1627",2018,"1708","D",476,2856,0
"1628",2018,"1710","D",917,5502,0
"1629",2018,"1712","D",6995,48507,0.309363831308077
"1630",2018,"1712","R",4269,35923,0.588662450222535
"1631",2018,"1713","D",8174,58041,0.309640322975287
"1632",2018,"1713","R",4473,24416,0.475966912586631
"1633",2018,"1714","D",4816,43731,0.153446843853821
"1634",2018,"1714","R",417,2085,1
"1635",2018,"1717","D",1415,15748,0
"1636",2018,"1718","D",13,13,0
"1637",2018,"1802","D",4324,17074,0.260869565217391
"1638",2018,"1802","R",4528,18112,0.135600706713781
"1639",2018,"1803","D",1132,4528,0
"1640",2018,"1803","R",858,4660,0
"1641",2018,"1805","D",18,18,0
"1642",2018,"1805","R",229,1145,0
"1643",2018,"1806","R",72,216,0
"1644",2018,"1807","D",336,1680,0
"1645",2018,"1809","D",2683,20572,0
"1646",2018,"1809","R",1453,12812,0.817618719889883
"1647",2018,"1901","D",9506,38024,0.557016621081422
"1648",2018,"1901","R",3438,13364,0.527341477603258
"1649",2018,"1902","D",2459,27090,0
"1650",2018,"1903","D",12291,99535,NA
"1651",2018,"1903","R",6973,53305,NA
"1652",2018,"1904","D",2222,29978,0.162016201620162
"1653",2018,"1904","R",321,2568,0
"1654",2018,"2001","D",93,141,0.397849462365591
"1655",2018,"2002","D",11501,155845,0.424571776367272
"1656",2018,"2002","R",6641,61860,0.698991115795814
"1657",2018,"2003","D",7718,37082,0.404379372894532
"1658",2018,"2003","R",6288,33993,0.596374045801527
"1659",2018,"2004","D",235,477,0
"1660",2018,"2004","R",757,3592,0
"1661",2018,"2101","R",512,3584,0
"1662",2018,"2103","D",571,3426,0
"1663",2018,"2103","R",675,2700,0.183703703703704
"1664",2018,"2106","D",9997,48963,0.157647294188256
"1665",2018,"2106","R",13104,59441,0.563949938949939
"1666",2018,"2201","R",524,2581,0
"1667",2018,"2202","D",41,164,0
"1668",2018,"2203","D",225,654,0
"1669",2018,"2203","R",76,183,0
"1670",2018,"2204","R",363,1452,0
"1671",2018,"2205","R",346,2422,0
"1672",2018,"2206","R",698,2792,0
"1673",2018,"2301","D",679,2716,0
"1674",2018,"2301","R",117,547,0
"1675",2018,"2302","D",17037,162553,0.315020250044022
"1676",2018,"2302","R",16548,138483,0.600858109741358
"1677",2018,"2401","D",947,6629,0
"1678",2018,"2402","D",25,100,0
"1679",2018,"2406","D",1516,9096,0
"1680",2018,"2503","D",783,5481,0
"1681",2018,"2602","D",1633,8165,0
"1682",2018,"2602","R",357,1727,0
"1683",2018,"2604","R",740,8880,0
"1684",2018,"2606","D",3579,27980,0.560212349818385
"1685",2018,"2606","R",4168,30786,0.25263915547025
"1686",2018,"2607","D",3275,36104,0.27206106870229
"1687",2018,"2607","R",1187,9474,0.243470935130581
"1688",2018,"2608","D",12755,118919,0.330301842414739
"1689",2018,"2608","R",3718,15455,0.934373318988704
"1690",2018,"2611","D",3983,23780,NA
"1691",2018,"2611","R",662,3839,0.605740181268882
"1692",2018,"2701","D",4614,58928,0.309059384482011
"1693",2018,"2701","R",4918,52726,1
"1694",2018,"2702","D",5921,39834,0.436243877723358
"1695",2018,"2702","R",3954,24162,0.555386949924128
"1696",2018,"2703","D",8893,60019,0.331946474755426
"1697",2018,"2703","R",6582,38644,0.858401701610453
"1698",2018,"2707","D",2136,20712,NA
"1699",2018,"2708","D",5481,39364,0.176062762269659
"1700",2018,"2708","R",6522,58448,0.568690585709905
"1701",2018,"2902","D",1674,8370,0
"1702",2018,"2902","R",919,3676,0
"1703",2018,"2904","R",300,1500,0
"1704",2018,"2906","R",540,3780,0
"1705",2018,"2908","R",109,218,0
"1706",2018,"3001","D",12360,213733,0.426860841423948
"1707",2018,"3001","R",10394,192966,0.155089474696941
"1708",2018,"3101","R",762,4175,0
"1709",2018,"3102","D",2132,8202,0
"1710",2018,"3102","R",5022,24888,0.271604938271605
"1711",2018,"3202","D",113,452,1
"1712",2018,"3203","D",5653,33337,0.432690606757474
"1713",2018,"3203","R",2345,11866,0.428571428571429
"1714",2018,"3204","D",4652,27529,0.244196044711952
"1715",2018,"3204","R",1911,7644,0.726844583987441
"1716",2018,"3301","D",1275,7092,0.147450980392157
"1717",2018,"3301","R",322,672,0
"1718",2018,"3302","D",1140,3816,0
"1719",2018,"3401","R",1,1,0
"1720",2018,"3402","D",810,4050,0.245679012345679
"1721",2018,"3403","D",5353,33154,0.367644311600971
"1722",2018,"3403","R",3725,17184,0.725637583892617
"1723",2018,"3405","D",222,888,0
"1724",2018,"3407","D",913,5715,0.87513691128149
"1725",2018,"3407","R",791,4358,0.519595448798989
"1726",2018,"3411","D",3032,16586,0.339709762532982
"1727",2018,"3411","R",8,16,1
"1728",2018,"3501","D",1602,8188,0
"1729",2018,"3501","R",44,132,0
"1730",2018,"3502","D",17066,146445,0.337454588069846
"1731",2018,"3502","R",5778,36922,0.808411214953271
"1732",2018,"3602","R",147,588,0
"1733",2018,"3604","D",20,80,0
"1734",2018,"3611","D",340,1544,0.229411764705882
"1735",2018,"3619","D",15039,156852,0.302879180796596
"1736",2018,"3619","R",8195,49713,0.642464917632703
"1737",2018,"3620","D",110,440,0
"1738",2018,"3621","D",2044,26572,0
"1739",2018,"3621","R",3264,33515,0.225796568627451
"1740",2018,"3622","D",23880,269522,0.41000837520938
"1741",2018,"3622","R",18342,151891,0.628993566677571
"1742",2018,"3623","D",2125,25562,0.375529411764706
"1743",2018,"3623","R",2245,18644,0.554120267260579
"1744",2018,"3624","D",8002,53054,0.520869782554361
"1745",2018,"3624","R",5786,32928,0.595229865191842
"1746",2018,"3625","D",1736,9100,0
"1747",2018,"3625","R",1061,4807,0
"1748",2018,"3626","D",14,42,0
"1749",2018,"3627","D",974,5298,0
"1750",2018,"3627","R",1211,6055,0.443435177539224
"1751",2018,"36NA","D",181,2172,1
"1752",2018,"3702","D",3126,18133,0.430582213691619
"1753",2018,"3702","R",3120,13596,0.43525641025641
"1754",2018,"3705","D",26,26,0
"1755",2018,"3705","R",1236,7416,0
"1756",2018,"3707","D",964,6508,0
"1757",2018,"3707","R",538,2152,0
"1758",2018,"3708","R",427,2135,0
"1759",2018,"3709","D",13783,152343,0.432924617282159
"1760",2018,"3709","R",3005,20924,0.74675540765391
"1761",2018,"3711","D",248,755,0.0685483870967742
"1762",2018,"3713","D",7433,57077,0.212834656262613
"1763",2018,"3713","R",4334,21337,0.582833410244578
"1764",2018,"3801","D",1240,6138,0
"1765",2018,"3801","R",1400,11200,0
"1766",2018,"3901","D",7455,43020,0.332394366197183
"1767",2018,"3901","R",6142,26932,0.489254314555519
"1768",2018,"3902","R",765,3595,0.126797385620915
"1769",2018,"3903","D",254,1270,0
"1770",2018,"3904","D",972,20192,0.0113168724279835
"1771",2018,"3904","R",1073,22533,0
"1772",2018,"3905","R",417,1668,0
"1773",2018,"3907","D",2137,10685,0
"1774",2018,"3907","R",879,3516,0
"1775",2018,"3910","D",1630,8150,0.343558282208589
"1776",2018,"3910","R",819,3826,0
"1777",2018,"3912","D",1729,9060,0.240023134759977
"1778",2018,"3912","R",1560,7217,0.646794871794872
"1779",2018,"3913","D",23,46,0
"1780",2018,"3914","D",2104,12624,0.275665399239544
"1781",2018,"3914","R",884,3536,1
"1782",2018,"3915","D",306,1530,0
"1783",2018,"3915","R",599,2396,0
"1784",2018,"3916","D",13,52,0
"1785",2018,"3916","R",198,786,0
"1786",2018,"4001","D",149,642,0
"1787",2018,"4001","R",248,1240,0
"1788",2018,"4002","R",522,2610,0
"1789",2018,"4004","R",272,1350,0
"1790",2018,"4005","D",1803,10818,0.160288408208541
"1791",2018,"4005","R",724,3158,0
"1792",2018,"4102","D",1109,9219,0.229035166816952
"1793",2018,"4102","R",1803,17199,0
"1794",2018,"4105","D",296,1776,0
"1795",2018,"4201","D",5308,30861,NA
"1796",2018,"4201","R",4347,22239,0.753623188405797
"1797",2018,"4204","D",204,1224,0
"1798",2018,"4205","D",268,1529,0
"1799",2018,"4206","D",1346,8076,0
"1800",2018,"4207","D",2477,14303,0.516754138070246
"1801",2018,"4208","D",4210,16840,0.139192399049881
"1802",2018,"4208","R",4992,24412,0.50761217948718
"1803",2018,"4209","D",1228,5709,0
"1804",2018,"4209","R",1055,5275,0
"1805",2018,"4210","D",3811,18290,0.363684072421937
"1806",2018,"4210","R",2685,12040,0.799627560521415
"1807",2018,"4211","D",235,346,0
"1808",2018,"4211","R",1060,4028,0.2
"1809",2018,"4212","D",1,1,0
"1810",2018,"4213","R",47,188,0
"1811",2018,"4214","D",132,660,0
"1812",2018,"4214","R",425,2125,0
"1813",2018,"4215","R",191,573,0
"1814",2018,"4216","D",4714,38309,0.0971574034789987
"1815",2018,"4216","R",4215,41496,0.42846975088968
"1816",2018,"4217","D",2188,11224,0.129798903107861
"1817",2018,"4217","R",1865,9321,0.116353887399464
"1818",2018,"4501","D",3533,19494,0
"1819",2018,"4501","R",2220,10445,0.269369369369369
"1820",2018,"4505","R",208,832,0
"1821",2018,"4507","R",387,1548,0
"1822",2018,"4601","D",1212,8961,0
"1823",2018,"4601","R",1048,7800,0
"1824",2018,"4701","R",264,1056,0
"1825",2018,"4702","D",500,1500,0
"1826",2018,"4702","R",254,1016,0
"1827",2018,"4703","D",129,645,0
"1828",2018,"4703","R",174,696,0
"1829",2018,"4707","R",212,848,0
"1830",2018,"4708","R",272,1360,0
"1831",2018,"4801","D",3,3,0
"1832",2018,"4802","D",285,1425,0
"1833",2018,"4802","R",517,2522,0
"1834",2018,"4803","R",855,4275,0
"1835",2018,"4807","D",8716,54680,0.487723726480037
"1836",2018,"4807","R",4995,31815,0.794594594594595
"1837",2018,"4809","D",138,690,0
"1838",2018,"4815","D",431,3879,0
"1839",2018,"4816","R",138,552,1
"1840",2018,"4817","D",23,23,0
"1841",2018,"4817","R",666,2664,0
"1842",2018,"4821","D",1457,13545,0
"1843",2018,"4821","R",299,1196,0
"1844",2018,"4822","D",97,388,0
"1845",2018,"4823","D",9318,62629,0.46479931315733
"1846",2018,"4823","R",7672,35009,0.63099582898853
"1847",2018,"4825","D",38,266,0
"1848",2018,"4825","R",541,4328,0
"1849",2018,"4827","D",12,12,0
"1850",2018,"4831","D",8424,75554,0.0948480531813865
"1851",2018,"4831","R",1088,8704,0
"1852",2018,"4832","D",4539,29074,0.508922670191672
"1853",2018,"4832","R",3206,20013,0.82252027448534
"1854",2018,"4834","D",255,2040,0
"1855",2018,"4834","R",29,77,0
"1856",2018,"4836","R",115,920,0
"1857",2018,"4904","D",6689,33706,0.280908955000747
"1858",2018,"4904","R",4626,21920,0.520536100302637
"1859",2018,"5001","R",5,10,0
"1860",2018,"5101","R",307,1228,0
"1861",2018,"5102","D",15965,95530,NA
"1862",2018,"5102","R",6305,31612,0.477240285487708
"1863",2018,"5105","D",5492,49040,0.601420247632921
"1864",2018,"5105","R",6205,50261,0.296696212731668
"1865",2018,"5106","D",724,4426,0
"1866",2018,"5106","R",714,3358,0
"1867",2018,"5107","D",9404,60359,0.459378987664823
"1868",2018,"5107","R",4901,21926,0.687206692511732
"1869",2018,"5109","D",1378,12184,0
"1870",2018,"5109","R",1176,11716,0
"1871",2018,"5110","D",6602,36715,0.281278400484702
"1872",2018,"5110","R",3336,17559,0.593225419664269
"1873",2018,"5111","R",11,44,0
"1874",2018,"5303","D",6208,36342,0.124838917525773
"1875",2018,"5303","R",2920,16668,1
"1876",2018,"5305","D",5778,30504,0.30944963655244
"1877",2018,"5305","R",6011,27745,0.504075860921644
"1878",2018,"5306","R",3,3,0
"1879",2018,"5308","D",10772,72251,0.576401782398812
"1880",2018,"5308","R",6337,34165,0.828941139340382
"1881",2018,"5309","D",749,3621,0
"1882",2018,"5402","D",446,2676,0
"1883",2018,"5402","R",743,5201,0
"1884",2018,"5403","D",7271,53194,0.361710906340256
"1885",2018,"5403","R",2983,19204,0.281260476030841
"1886",2018,"5501","D",2726,16198,0.179750550256786
"1887",2018,"5501","R",3010,13255,NA
"1888",2018,"5506","D",8554,99613,0.178980593874211
"1889",2018,"5506","R",1943,17834,0.136901698404529
"1890",2018,"5508","D",302,1510,0
"1891",2018,"5508","R",1911,7644,0
